id,stem,surface_kind,xres,yres,xreal_m,z_range_m,clean_rms_m,degraded_rms_m,has_real_periodicity,n_artifacts,tilt,bow,row_offsets,scars,spikes,hum,line_noise,bow_amp_m,hum_amp_m,hum_angle_deg,hum_period_px,line_noise_sigma_m,n_particles,n_scars,n_spikes,n_terraces,psd_beta,row_offset_sigma_m,scar_amp_m,spike_amp_m,tilt_x_m,tilt_y_m,true_angle_deg,true_period_px
0,00000_grating,grating,256,256,5e-06,7.525984244311229e-07,3.320637843241081e-07,3.330940042775541e-07,1,1,0,0,0,0,1,0,0,,,,,,,,31,,,,,1.0729039743394867e-06,,,14.07,22.55
1,00001_smooth,smooth,256,256,1e-05,4.5232561912636844e-07,9.100719701833827e-08,4.789203259073721e-07,0,6,1,0,1,1,1,1,1,,1.9657170585055524e-07,160.003,20.129,6.129203039342602e-08,,11,24,,,8.043047510150316e-08,7.291413507727414e-08,2.3606536040566148e-06,-2.6315153859875927e-07,1.2436622730987514e-06,,
2,00002_terraces,terraces,256,256,1e-05,1.0338833431380132e-06,2.525806937232492e-07,2.6900759376296456e-07,0,2,0,1,0,1,0,0,0,1.6594719708850087e-06,,,,,,3,,2,,,4.801574004937548e-07,,,,,
3,00003_grating,grating,256,256,2e-05,1.1268325321876436e-06,4.952475681374045e-07,5.243603857329461e-07,1,3,0,0,1,1,0,0,1,,,,,6.836533551311821e-08,,5,,,,1.489830049696306e-07,2.658619076003127e-07,,,,13.82,16.3
4,00004_grating,grating,256,256,1e-05,9.464154779158666e-07,4.2774871152564714e-07,4.304799719203586e-07,1,2,0,0,0,0,1,0,1,,,,,4.03124170434999e-08,,,24,,,,,1.535851782837809e-06,,,132.49,15.35
5,00005_grating,grating,256,256,2e-05,7.050837150483455e-07,2.987141278004666e-07,3.0328448413174815e-07,1,1,1,0,0,0,0,0,0,,,,,,,,,,,,,,1.725702754485445e-07,-5.7887590230568526e-08,40.75,28.51
6,00006_particles,particles,256,256,5e-05,1.0510276310819904e-06,1.4753676361599978e-07,4.444286759174816e-07,0,4,0,1,0,1,1,0,1,-3.4997180280542955e-06,,,,9.682007768963001e-08,10,11,16,,,,5.133548153039312e-07,1.5426592157645663e-06,,,,
7,00007_particles,particles,256,256,1e-05,4.813204878369554e-07,8.615295294907244e-08,4.158872291403072e-07,0,4,1,0,1,1,1,0,0,,,,,,56,7,25,,,1.0345580568825841e-07,5.408908165922901e-07,7.133217474996534e-07,1.0360799582621356e-07,-1.3712970900466238e-06,,
8,00008_rough,rough,256,256,2e-05,1.1656734279093546e-06,1.9895038441015554e-07,3.006365652979928e-07,0,3,0,0,0,0,1,1,1,,2.6865588651636153e-07,15.302,11.286,1.0018649194059991e-07,,,31,,3.471,,,1.782784983445618e-06,,,,
9,00009_terraces,terraces,256,256,5e-05,1.1128733528492251e-06,1.65248877991755e-07,4.6172676465636457e-07,0,2,0,1,0,0,0,0,1,3.615591613375709e-06,,,,1.2751621184516123e-07,,,,6,,,,,,,,
10,00010_particles,particles,256,256,5e-05,3.6685737519583243e-07,5.674488679441391e-08,1.6297270575588267e-07,0,4,1,1,0,1,1,0,0,1.0325710775866335e-06,,,,,30,11,16,,,,3.781706404120287e-07,1.0016571680686801e-06,2.476691762717809e-07,-1.4797471758847138e-07,,
11,00011_lattice,lattice,256,256,1e-05,2.4576283266333877e-07,6.143481303673498e-08,1.0738258123465495e-07,1,3,0,1,1,0,0,0,1,6.727251382768249e-07,,,,3.173436530760501e-08,,,,,,3.6255930326531705e-08,,,,,53.95,21.12
12,00012_grating,grating,256,256,1e-05,3.3622460204675187e-07,1.4777249980025814e-07,1.6689849374512515e-07,1,4,0,0,1,1,0,1,1,,9.697950093653091e-08,60.043,18.76,7.041635845406292e-09,,9,,,,3.068528717680415e-08,1.4100651009678954e-07,,,,178.84,14.53
13,00013_particles,particles,256,256,5e-05,1.2941566342279074e-06,1.969527958469413e-07,1.2312628982695198e-06,0,4,1,0,1,0,0,1,1,,6.713115837731836e-08,40.782,24.664,8.549690112351109e-08,24,,,,,8.176936129271265e-08,,,3.5057072060332916e-06,-2.149436442531662e-06,,
14,00014_particles,particles,256,256,2e-05,3.715904936547855e-07,8.022818818649077e-08,1.4452162750966594e-07,0,2,0,1,0,0,0,1,0,-7.735255534074996e-07,1.1515371874844151e-07,107.994,18.171,,53,,,,,,,,,,,
15,00015_lattice,lattice,256,256,2e-05,2.0207475048566088e-07,5.0521951814756024e-08,8.168471612834023e-08,1,3,0,1,0,0,0,1,1,-9.590125486504136e-08,8.139291637321784e-08,33.457,11.518,2.664478734919862e-08,,,,,,,,,,,24.47,19.95
16,00016_particles,particles,256,256,2e-05,1.3854350679386135e-06,2.0346720408240112e-07,6.834119631095987e-07,0,4,1,1,0,1,1,0,0,-5.2121011020294645e-06,,,,,21,9,21,,,,3.635472349270767e-07,6.443038085584357e-06,4.154588502772048e-07,8.18359606493963e-07,,
17,00017_particles,particles,256,256,2e-05,1.3778887723249442e-06,2.8957509394520726e-07,6.4222477028118e-07,0,3,0,1,1,0,1,0,0,-4.224340869529938e-06,,,,,54,,10,,,4.185700674138525e-07,,6.005428070145516e-06,,,,
18,00018_particles,particles,256,256,5e-05,7.5114689091667e-07,1.3611561888760886e-07,7.236185885754517e-07,0,3,1,0,1,0,1,0,0,,,,,,24,,31,,,1.9823467077372645e-07,,2.125153815027214e-06,-2.2430875770624313e-06,2.66448047417578e-07,,
19,00019_smooth,smooth,256,256,5e-05,1.8754447076225581e-07,3.6405279798698204e-08,1.0938194212274126e-07,0,4,1,0,1,1,0,1,0,,7.769827012158046e-08,141.192,9.099,,,11,,,,5.261047289180054e-08,1.1876069953223516e-07,,1.8028413956089365e-07,-8.987612017377342e-09,,
20,00020_terraces,terraces,256,256,5e-05,4.862963084693063e-07,7.435011029567862e-08,1.2197488382059435e-07,0,4,0,1,0,1,0,1,1,9.460821926275422e-07,3.1423713829635614e-08,159.455,23.59,2.3628942361878585e-08,,2,,6,,,9.886637244994818e-08,,,,,
21,00021_rough,rough,256,256,2e-05,2.8844295621354313e-07,3.554660196737255e-08,5.795080406703116e-08,0,2,0,1,0,0,1,0,0,-4.060991069493751e-07,,,,,,,21,,2.112,,,5.858070483760463e-07,,,,
22,00022_lattice,lattice,256,256,1e-05,7.246999677377072e-07,1.8130896211415227e-07,3.4079755618725734e-07,1,4,0,1,1,1,0,0,1,-2.369898539804161e-06,,,,1.9160491379452538e-08,,8,,,,1.3357573357129176e-07,4.5019922644203425e-07,,,,7.28,20.42
23,00023_smooth,smooth,256,256,5e-06,1.5809797052385363e-07,3.493750063818195e-08,1.2855147988110574e-07,0,4,1,0,1,1,1,0,0,,,,,,,3,31,,,1.0388028067126943e-08,1.6394200311371254e-07,3.510444754754252e-07,-2.3081746082243699e-07,-3.699557321577697e-07,,
24,00024_rough,rough,256,256,1e-05,5.461946926300516e-07,9.481740332035306e-08,4.962565663578465e-07,0,4,1,0,1,1,0,0,1,,,,,3.616328580302767e-08,,10,,,3.153,1.8022448560432246e-07,1.7812827093971142e-07,,2.2344400437174382e-07,-1.583043372701599e-06,,
25,00025_terraces,terraces,256,256,5e-06,3.5773185344709963e-07,5.283187970346116e-08,1.5596334811199713e-07,0,2,1,1,0,0,0,0,0,8.669801568394147e-07,,,,,,,,5,,,,,2.570143489388761e-07,-3.1583709553932737e-07,,
26,00026_terraces,terraces,256,256,5e-06,1.1577895581653698e-06,2.7752696334691676e-07,2.8608707865736663e-07,0,2,0,0,0,1,0,0,1,,,,,3.925261861687534e-08,,6,,2,,,6.651724506059012e-07,,,,,
27,00027_lattice,lattice,256,256,5e-05,9.96588366058829e-07,2.490995137862776e-07,5.702917096042243e-07,1,4,0,1,0,1,0,1,1,-3.4584294983806454e-06,4.413048023584878e-07,9.966,7.94,1.149798489562277e-07,,4,,,,,7.599109216592673e-07,,,,58.94,18.62
28,00028_rough,rough,256,256,5e-05,1.1154603533225804e-06,1.4262473113712754e-07,3.565991403539163e-07,0,4,0,1,1,1,1,0,0,-1.0725108565496493e-06,,,,,,12,36,,2.234,2.1845559281869306e-07,1.2609053290951034e-06,6.140190503139157e-06,,,,
29,00029_smooth,smooth,256,256,5e-05,7.220070556596055e-07,1.3952947280270954e-07,7.245619356707759e-07,0,7,1,1,1,1,1,1,1,9.821443725249416e-07,2.5123636851916785e-07,52.179,13.969,4.2986026300548724e-08,,8,21,,,2.382924721308116e-07,7.324305481241029e-07,3.0028756370132617e-06,-1.7763028085606025e-06,-9.450783993762285e-07,,
30,00030_rough,rough,256,256,5e-05,9.169817320950199e-07,1.222135159827046e-07,4.2620624249429156e-07,0,5,1,0,1,1,1,0,1,,,,,1.0309764851609225e-07,,2,36,,2.376,1.9194463898200945e-07,7.332287290959983e-07,5.022520247596644e-06,-4.5764651630671337e-07,9.996479419421061e-07,,
31,00031_smooth,smooth,256,256,5e-06,1.311172006750698e-06,2.586490070989257e-07,5.902127894360043e-07,0,3,0,1,1,0,0,1,0,5.0118342553875534e-06,3.051125706759469e-07,90.126,8.85,,,,,,,4.445780266146328e-08,,,,,,
32,00032_particles,particles,256,256,5e-05,4.123520755960023e-07,7.630825722305837e-08,7.630825722305837e-08,0,0,0,0,0,0,0,0,0,,,,,,60,,,,,,,,,,,
33,00033_smooth,smooth,256,256,5e-05,1.331185620444405e-06,2.905262941904095e-07,4.356926676892888e-07,0,1,0,0,1,0,0,0,0,,,,,,,,,,,3.0434370486199713e-07,,,,,,
34,00034_terraces,terraces,256,256,5e-05,9.451393744624208e-07,1.871357784203099e-07,6.736804924044008e-07,0,2,1,0,0,0,1,0,0,,,,,,,,17,5,,,,1.086401987693932e-06,1.7182731023541893e-06,-1.4677014937232301e-06,,
35,00035_terraces,terraces,256,256,1e-05,1.3950027387682087e-06,2.3984009551561493e-07,5.307676180551314e-07,0,4,0,0,1,1,1,0,1,,,,,1.5922858057397895e-07,,9,2,4,,4.365312246118771e-07,1.2172466095385158e-06,7.787389482911687e-06,,,,
36,00036_particles,particles,256,256,2e-05,1.0982186325628218e-06,2.0205618309350142e-07,4.206014326382845e-07,0,3,0,1,1,0,0,1,0,-2.5694300009975574e-06,1.8936577545508196e-07,86.498,15.221,,30,,,,,1.8344989286892663e-07,,,,,,
37,00037_terraces,terraces,256,256,1e-05,4.0539589459724346e-07,6.994179980976706e-08,1.4476040430884432e-07,0,3,0,1,1,0,0,0,1,3.209190058596429e-07,,,,2.2154524638714762e-08,,,,6,,1.1570216820984658e-07,,,,,,
38,00038_rough,rough,256,256,5e-05,1.8925776555341287e-07,3.624278482922947e-08,4.627649362811062e-08,0,2,0,0,0,1,1,0,0,,,,,,,11,10,,3.298,,2.204061948479607e-07,1.095202503713866e-06,,,,
39,00039_grating,grating,256,256,5e-05,5.427959155204367e-07,2.354999332742155e-07,3.106189335112517e-07,1,5,0,1,1,1,1,0,1,1.7040446901014873e-06,,,,3.135154410344847e-08,,12,28,,,5.30325676024727e-08,2.940192179362163e-07,7.814243734103276e-07,,,54.36,34.53
40,00040_terraces,terraces,256,256,2e-05,1.2442127992095736e-06,1.7828458559004658e-07,4.0699733897578594e-07,0,1,0,1,0,0,0,0,0,3.189671389704629e-06,,,,,,,,6,,,,,,,,
41,00041_grating,grating,256,256,5e-06,1.020137730839361e-06,4.498477616769403e-07,5.775203767559332e-07,1,2,0,0,0,0,1,1,0,,5.085661543126234e-07,155.063,17.314,,,,5,,,,,5.14195293434787e-06,,,157.27,9.22
42,00042_grating,grating,256,256,5e-05,6.976360977616141e-07,3.0137473605030087e-07,5.463047529036354e-07,1,5,1,1,1,1,0,0,1,1.7431650677558178e-06,,,,2.6357968924783696e-08,,9,,,,2.1663359973436802e-07,4.470153003725961e-07,,-8.151933305281083e-07,-8.781413697673803e-07,146.85,34.17
43,00043_lattice,lattice,256,256,2e-05,1.5550212279738936e-07,3.887736221244362e-08,4.7133025317998814e-08,1,2,0,0,0,1,0,0,1,,,,,2.042154090452594e-08,,3,,,,,1.7635108685454265e-07,,,,53.47,10.92
44,00044_terraces,terraces,256,256,1e-05,8.398991323402402e-07,1.436306993857346e-07,6.30172518706453e-07,0,5,1,1,1,1,0,1,0,-3.6710149236707185e-07,2.868606289587843e-07,12.207,13.452,,,11,,5,,2.912101769999077e-07,9.350745293230288e-07,,-1.671014435082165e-06,2.5156450002160683e-07,,
45,00045_smooth,smooth,256,256,2e-05,1.2038115709389236e-06,2.9359414801514896e-07,4.787644798369854e-07,0,3,0,0,0,0,1,1,1,,4.605763367430237e-07,132.841,23.209,1.6331682304865868e-07,,,15,,,,,2.652757889766493e-06,,,,
46,00046_grating,grating,256,256,5e-06,1.2924018511161392e-06,5.90392488376712e-07,6.150734620277253e-07,1,2,0,0,0,0,0,1,1,,1.6508238433955503e-07,85.882,7.981,1.224150030357548e-07,,,,,,,,,,,20.08,12.63
47,00047_particles,particles,256,256,5e-06,1.987510181744497e-07,4.577434325479872e-08,5.395094235496503e-08,0,1,0,0,0,1,0,0,0,,,,,,41,11,,,,,1.7298867748992707e-07,,,,,
48,00048_terraces,terraces,256,256,1e-05,4.5153160711407e-07,8.213998769243108e-08,3.2709437744551873e-07,0,6,1,0,1,1,1,1,1,,2.0258721518759882e-08,98.183,8.67,1.542712004781047e-08,,5,26,5,,1.7293821088012525e-08,4.809904034133585e-07,1.2433045130807542e-06,-1.1259391222968473e-06,-2.335580352100609e-07,,
49,00049_rough,rough,256,256,2e-05,4.7477102376925596e-07,6.482166219670014e-08,4.530109655455305e-07,0,3,1,1,0,0,0,1,0,-1.6937788030494702e-06,2.1314608295095595e-08,28.882,18.643,,,,,,2.34,,,,-1.0848390590250138e-06,-8.585787926386467e-07,,
50,00050_terraces,terraces,256,256,5e-05,2.8555516479394077e-07,4.48868246530424e-08,2.5402730070940715e-07,0,5,1,1,0,1,1,0,1,1.1341496625910467e-06,,,,4.2182375404309304e-08,,1,7,6,,,2.6613556656848773e-07,3.3596798421371965e-07,-4.991370501291998e-07,-6.015207993991071e-07,,
51,00051_terraces,terraces,256,256,2e-05,7.339917771722319e-07,1.257729643081742e-07,5.507948744883251e-07,0,4,1,1,0,0,0,1,1,1.8482634683301923e-06,3.378152865668552e-07,52.061,15.022,1.0282617836796838e-07,,,,5,,,,,1.4089270698032841e-06,-2.3133323626272275e-08,,
52,00052_terraces,terraces,256,256,2e-05,1.386229444527093e-06,2.5575547792196647e-07,3.7563806748603706e-07,0,2,0,0,1,0,1,0,0,,,,,,,,33,6,,2.3849471075299667e-07,,6.4128982259477035e-06,,,,
53,00053_grating,grating,256,256,5e-05,1.2974509372935444e-06,5.722971434594806e-07,8.233581948356106e-07,1,5,0,1,1,1,0,1,1,4.350375544958618e-06,4.56902896271965e-07,0.847,15.761,4.037204450273551e-08,,11,,,,9.342139805957958e-08,1.1702385795934765e-06,,,,46.23,33.23
54,00054_particles,particles,256,256,5e-06,8.163209313333589e-07,1.7617665215318473e-07,2.914912640461128e-07,0,2,0,1,0,0,0,0,1,-2.1189468916032273e-06,,,,6.959708223226343e-08,36,,,,,,,,,,,
55,00055_grating,grating,256,256,5e-06,9.973299810038034e-07,4.144393918396563e-07,5.408679852683517e-07,1,4,0,0,1,0,1,1,1,,4.7116674969057195e-07,133.421,13.419,6.851883334869097e-08,,,22,,,6.021896188937743e-08,,1.753848304787054e-06,,,28.73,22.56
56,00056_grating,grating,256,256,1e-05,5.062125362683193e-07,2.2589501779652475e-07,2.438434954359555e-07,1,3,0,1,0,1,0,1,0,4.7604540210156965e-07,9.447151999206871e-08,25.856,19.509,,,1,,,,,2.0290112958522588e-07,,,,80.1,34.59
57,00057_grating,grating,256,256,5e-05,1.3950494906513547e-06,6.05794043465662e-07,1.4959694451561507e-06,1,4,1,0,0,1,1,0,1,,,,,2.285589142714402e-08,,10,3,,,,2.2421116104675696e-07,3.77716324784864e-06,-3.7448455030010547e-06,-2.938772043410805e-06,54.3,10.86
58,00058_smooth,smooth,256,256,2e-05,1.3344329346659584e-06,2.990616144412376e-07,5.639096878602253e-07,0,5,0,1,1,1,1,0,1,-1.5560693470651338e-06,,,,1.4498380581065175e-07,,3,2,,,4.003968060693648e-07,1.5920107934201432e-06,7.5871583032045254e-06,,,,
59,00059_grating,grating,256,256,2e-05,7.9989539543946e-07,3.4504824439499414e-07,3.942483723995695e-07,1,4,0,1,1,0,1,0,1,3.49446477914164e-07,,,,7.824321774481063e-08,,,9,,,1.7134436062103454e-07,,1.4838000130709196e-06,,,76.0,18.54
60,00060_rough,rough,256,256,1e-05,1.7407210647619982e-07,2.405722794773544e-08,1.6281610405525066e-07,0,5,1,1,1,1,1,0,0,-8.988260049660327e-08,,,,,,12,39,,2.482,2.4240639274558288e-08,4.335430228713079e-08,2.8152293071818667e-07,-5.216136613522076e-07,-1.7663067165513153e-07,,
61,00061_lattice,lattice,256,256,5e-05,1.365610743621154e-06,3.410613670161346e-07,4.129011137173497e-07,1,4,0,1,0,0,1,1,1,-1.2078640642166865e-06,6.149652562521997e-08,23.494,4.709,6.081531996033734e-08,,,40,,,,,7.210271894295175e-06,,,3.53,10.63
62,00062_smooth,smooth,256,256,1e-05,8.182513292321007e-07,1.866589617827879e-07,7.568576354977911e-07,0,3,1,1,0,0,0,1,0,1.8489564235343952e-06,1.3814586448120755e-07,137.394,5.291,,,,,,,,,,-1.7561575503512167e-06,2.425335618267778e-06,,
63,00063_grating,grating,256,256,5e-06,1.2965732966247532e-06,5.687574695013782e-07,1.0641232681392148e-06,1,5,1,0,0,1,1,1,1,,2.5398270216601656e-07,27.709,3.567,1.4546635665906547e-07,,3,10,,,,5.510875411213712e-07,6.092098174022614e-06,3.016176043786731e-06,1.918459754103026e-07,163.41,11.42
64,00064_grating,grating,256,256,1e-05,1.2509476209901801e-06,5.430726589973601e-07,5.536598990908539e-07,1,3,0,0,0,0,1,1,1,,1.4147737443149727e-07,162.055,22.903,1.875334380420636e-08,,,6,,,,,3.914770301230855e-06,,,60.62,10.07
65,00065_rough,rough,256,256,2e-05,3.6158542794996405e-07,6.878590141622314e-08,1.277805879207366e-07,0,2,0,1,1,0,0,0,0,-1.335171961726779e-06,,,,,,,,,3.399,1.6319993299920653e-08,,,,,,
66,00066_rough,rough,256,256,5e-05,7.866301685685668e-07,1.3863857430309924e-07,4.1544172726330044e-07,0,3,1,0,1,1,0,0,0,,,,,,,8,,,3.303,1.1892652769482779e-07,1.3111831992549077e-07,,-8.985062582463406e-07,7.538546998670113e-07,,
67,00067_particles,particles,256,256,1e-05,1.2182337696090402e-06,2.5819677137909463e-07,3.496270277825066e-07,0,5,0,0,1,1,1,1,1,,2.2671423033415012e-07,27.614,18.504,1.3200476388028257e-08,59,2,26,,,1.6962805669429926e-07,5.905154205116681e-07,1.5265763468057893e-06,,,,
68,00068_lattice,lattice,256,256,5e-06,4.680873110517363e-07,1.1704377728365501e-07,1.575778034689082e-07,1,3,1,0,0,0,1,0,1,,,,,1.753806595831313e-08,,,34,,,,,2.1312624959604717e-06,-1.4778029804053319e-07,2.820632902673847e-07,14.75,18.79
69,00069_lattice,lattice,256,256,5e-05,9.479887578753301e-07,2.3701743798982034e-07,5.293485368568352e-07,1,5,0,1,1,1,0,1,1,-3.19055357113174e-06,3.6250760116843395e-07,46.01,28.887,9.66010246552285e-08,,4,,,,1.492619804536276e-07,1.0947471845881205e-06,,,,28.19,13.31
70,00070_terraces,terraces,256,256,5e-05,2.2771112985632732e-07,5.566128367324062e-08,9.81105056896368e-08,0,2,0,1,0,0,0,0,1,8.076707353366014e-07,,,,5.068092960465778e-09,,,,2,,,,,,,,
71,00071_particles,particles,256,256,1e-05,2.089221897443691e-07,3.843991753787618e-08,1.4260692463683298e-07,0,4,1,0,1,0,0,1,1,,7.043319749025954e-08,114.646,5.028,7.126644213738357e-09,32,,,,,5.111332301759384e-08,,,-2.9567866718666078e-08,4.18015885175498e-07,,
72,00072_particles,particles,256,256,5e-05,3.9376036305338864e-07,6.590335685008904e-08,1.383022045290696e-07,0,2,0,0,0,0,1,1,0,,1.632764978568663e-07,122.556,24.4,,48,,3,,,,,1.870506930265574e-06,,,,
73,00073_particles,particles,256,256,5e-06,1.2612660328833365e-06,2.5458170875621264e-07,6.190854616712194e-07,0,4,0,0,1,0,1,1,1,,6.264231542560344e-07,144.793,18.64,6.320840176292517e-08,45,,15,,,2.8063817204833047e-07,,5.73501123636213e-06,,,,
74,00074_terraces,terraces,256,256,2e-05,7.570969751315214e-07,1.877484989717543e-07,3.3974156469159934e-07,0,3,0,0,0,1,1,1,0,,3.214456434271712e-07,161.965,29.742,,,11,20,2,,,8.948144365729253e-07,3.2589545189415085e-06,,,,
75,00075_smooth,smooth,256,256,5e-05,7.757864766170344e-07,1.8192693349054106e-07,3.6236403260138554e-07,0,3,0,1,0,0,0,1,1,2.855517436491852e-06,3.3897204252902116e-08,85.713,9.58,5.800852109291496e-08,,,,,,,,,,,,
76,00076_smooth,smooth,256,256,5e-05,9.32237497383249e-07,1.984861542700838e-07,9.567757017423396e-07,0,2,1,0,0,0,0,1,0,,3.3093682930016673e-07,17.257,25.65,,,,,,,,,,-2.358826521687894e-06,-1.2662468753053837e-06,,
77,00077_terraces,terraces,256,256,5e-05,1.1094437351732562e-06,1.935388410724105e-07,4.3521495311268827e-07,0,2,0,0,0,0,1,1,0,,5.120062146410214e-07,83.355,3.316,,,,30,4,,,,4.315574688116096e-06,,,,
78,00078_grating,grating,256,256,5e-06,1.227001465269103e-06,5.388263647538958e-07,1.13554084687068e-06,1,5,1,1,1,1,1,0,0,4.844434158533314e-06,,,,,,2,29,,,3.508577792058766e-07,7.95630722643584e-07,7.1814706152467555e-06,2.6005863884193786e-06,7.700080718249254e-07,51.71,29.22
79,00079_grating,grating,256,256,5e-05,9.833298610108765e-07,4.250529815318792e-07,6.506173995861718e-07,1,4,0,1,0,1,0,1,1,3.641293572784332e-06,3.840438014800542e-07,3.278,16.056,1.0072036631833405e-07,,12,,,,,2.1270682297420064e-07,,,,37.21,28.28
80,00080_lattice,lattice,256,256,2e-05,7.644581176442428e-07,1.9110505928743506e-07,5.372261541208567e-07,1,2,1,0,0,0,0,1,0,,1.3055800500083535e-07,47.183,23.611,,,,,,,,,,1.6962565306891043e-06,2.063462463186491e-07,17.57,13.88
81,00081_grating,grating,256,256,1e-05,4.544441338159743e-07,1.991218535605578e-07,2.136420447853995e-07,1,1,0,0,0,0,0,1,0,,1.0928303070204403e-07,54.625,24.465,,,,,,,,,,,,96.69,16.99
82,00082_particles,particles,256,256,1e-05,1.0086024501632213e-06,2.063166176144142e-07,7.419263941794253e-07,0,3,1,1,0,0,0,0,1,2.884887323748854e-06,,,,6.969785565212254e-08,41,,,,,,,,1.8181595956241732e-06,1.3907057010996866e-06,,
83,00083_lattice,lattice,256,256,5e-06,4.4156328610277877e-07,1.1038859534994815e-07,1.1932029932500708e-07,1,1,0,1,0,0,0,0,0,-4.294872090778847e-07,,,,,,,,,,,,,,,71.73,22.05
84,00084_terraces,terraces,256,256,5e-05,9.43854319550591e-08,1.55755738621158e-08,3.9851919577952645e-08,0,4,1,1,1,0,1,0,0,-2.399398499080365e-07,,,,,,,2,4,,2.4978320522031766e-09,,3.748728308366017e-07,5.751819855487934e-08,9.162154385383701e-08,,
85,00085_terraces,terraces,256,256,2e-05,1.085763437373072e-06,2.6552237681692823e-07,4.81887057994803e-07,0,1,0,1,0,0,0,0,0,-3.928243845296403e-06,,,,,,,,2,,,,,,,,
86,00086_grating,grating,256,256,5e-05,1.2577247571231014e-06,5.468220382492051e-07,7.388800748725713e-07,1,5,1,0,0,1,1,1,1,,4.0839487345407707e-08,168.957,18.818,1.708540994247165e-07,,10,39,,,,9.751768626346197e-07,6.826685666436545e-06,1.2081247868913006e-06,-7.59477191763508e-07,72.91,34.84
87,00087_terraces,terraces,256,256,2e-05,7.355948070829377e-07,1.1052575918582722e-07,2.0637124188074638e-07,0,2,1,0,0,0,0,1,0,,9.402327904188072e-08,129.446,16.519,,,,,6,,,,,-2.5424324531475863e-09,6.110237268707995e-07,,
88,00088_particles,particles,256,256,5e-06,4.7364255725529246e-07,7.441272454320325e-08,1.7811840602637917e-07,0,4,0,1,0,1,1,1,0,1.365332970338314e-06,1.0665401734378138e-07,88.185,8.278,,27,11,17,,,,4.5359407016111633e-07,1.3999525436076054e-06,,,,
89,00089_grating,grating,256,256,1e-05,1.3730470968596159e-07,6.061060991292812e-08,8.013104410473527e-08,1,2,0,1,1,0,0,0,0,3.1241520489320287e-07,,,,,,,,,,3.6209708589918694e-08,,,,,123.41,22.52
90,00090_grating,grating,256,256,5e-05,1.3866952497780493e-06,5.960373995153992e-07,9.662726613993648e-07,1,4,0,1,1,1,0,1,0,-4.774995810629107e-06,4.278531635132207e-07,99.045,24.966,,,3,,,,4.5539926606004685e-07,1.1623716306860544e-06,,,,164.24,32.2
91,00091_terraces,terraces,256,256,2e-05,1.8277805837944836e-07,3.18871833970787e-08,6.716976664426165e-08,0,3,0,1,0,1,0,1,0,4.434562762597389e-07,6.225738333182152e-08,11.933,14.171,,,5,,5,,,9.874751422075132e-08,,,,,
92,00092_particles,particles,256,256,2e-05,8.539362395763905e-07,1.5580678028551435e-07,1.5720550737480334e-07,0,1,0,0,0,0,1,0,0,,,,,,55,,14,,,,,1.399666783986557e-06,,,,
93,00093_lattice,lattice,256,256,5e-06,5.466983036175092e-07,1.3668418945498132e-07,2.5698698589215513e-07,1,4,0,1,1,1,1,0,0,1.94076639181519e-06,,,,,,2,32,,,3.400075112829766e-08,9.343744294757146e-08,3.188910373244459e-06,,,72.16,14.45
94,00094_grating,grating,256,256,5e-06,1.1070749929050745e-06,4.904086083258062e-07,5.133373241166134e-07,1,1,0,0,0,0,0,0,1,,,,,1.507184430954541e-07,,,,,,,,,,,68.72,14.43
95,00095_smooth,smooth,256,256,5e-05,2.6269127736355745e-07,6.28484269289665e-08,6.386996722088148e-08,0,2,0,0,0,0,0,1,1,,9.634979688448714e-09,175.256,18.639,9.314899322343874e-09,,,,,,,,,,,,
96,00096_smooth,smooth,256,256,5e-06,4.3740746129517626e-07,9.640010392838953e-08,9.992079100815653e-08,0,2,0,0,1,0,0,0,1,,,,,2.3607987061886488e-08,,,,,,9.846519112114589e-09,,,,,,
97,00097_smooth,smooth,256,256,1e-05,8.24078430742344e-07,1.8372979030259683e-07,4.103747343607539e-07,0,4,1,1,1,0,0,1,0,-1.6390579446046854e-06,1.348391457696597e-07,67.093,19.39,,,,,,,1.2673802427663216e-07,,,-3.5123020904411037e-07,1.7827036412394097e-06,,
98,00098_grating,grating,256,256,5e-05,1.381913049090477e-06,6.071287201895178e-07,1.4025518066905049e-06,1,6,1,1,1,1,1,1,0,1.8000896147374482e-06,5.349280153112013e-07,42.392,22.614,,,10,36,,,1.7964214286005722e-07,7.274302432468131e-07,7.775369600716176e-06,3.991552506222033e-06,3.6734880590235343e-07,161.16,11.05
99,00099_grating,grating,256,256,5e-06,9.094569048429773e-07,4.005361880133802e-07,7.385429675848411e-07,1,5,1,0,1,1,1,1,0,,1.3595266629795586e-07,151.921,4.874,,,3,21,,,7.50471198952783e-08,2.938450249463093e-07,3.4616817367740264e-06,-8.313760314333652e-07,-1.9278997720323963e-06,18.6,33.9
100,00100_terraces,terraces,256,256,5e-06,1.2787846101206076e-06,2.081377497563286e-07,1.2793146554303868e-06,0,4,1,1,0,0,1,0,1,2.1096458303708676e-06,,,,1.4731198800247116e-07,,,21,6,,,,7.1766989964765556e-06,2.00033641623189e-06,3.6980016218291883e-06,,
101,00101_particles,particles,256,256,5e-06,1.1994401953018846e-06,2.044857830044833e-07,3.433795168109649e-07,0,3,0,0,1,1,0,1,0,,2.0879895081100236e-07,158.809,9.164,,51,10,,,,1.0330949703433924e-07,1.3862502355026488e-06,,,,,
102,00102_terraces,terraces,256,256,5e-06,1.9934980708038336e-07,3.996368994964973e-08,9.383941521418732e-08,0,4,0,1,1,1,0,1,0,3.109240534162214e-07,5.304711126112764e-08,74.229,9.63,,,5,,3,,6.288396306516879e-08,1.0953784490101097e-07,,,,,
103,00103_terraces,terraces,256,256,5e-06,7.700688987537644e-07,1.9075843302595934e-07,2.806648812475322e-07,0,2,0,1,0,1,0,0,0,2.2141052792028575e-06,,,,,,9,,2,,,6.19897968948587e-07,,,,,
104,00104_particles,particles,256,256,1e-05,7.591811217557684e-07,1.3228358971951924e-07,2.210413414268014e-07,0,3,0,1,1,1,0,0,0,-1.4719409023130722e-06,,,,,34,5,,,,6.656808800796418e-08,6.812954660945125e-07,,,,,
105,00105_grating,grating,256,256,5e-05,1.2076126700133438e-06,5.195556978202589e-07,7.274007785794113e-07,1,2,1,0,0,0,0,0,1,,,,,1.1007931750765566e-07,,,,,,,,,1.688324954730396e-06,-4.13029783073943e-07,168.08,13.1
106,00106_particles,particles,256,256,5e-06,1.1913094333958674e-06,1.6374803326246e-07,3.41234367802289e-07,0,3,0,1,0,0,1,1,0,2.600917766683078e-06,1.6402216394319916e-07,157.671,15.316,,11,,6,,,,,3.159179233196454e-06,,,,
107,00107_terraces,terraces,256,256,5e-06,1.252341911155627e-07,2.2655280968308405e-08,1.2951732430258687e-07,0,5,1,0,1,1,0,1,1,,4.3364786610507476e-08,94.283,12.111,1.5552392137802244e-09,,4,,4,,4.250422404332238e-08,7.023559349845122e-08,,3.540624746790923e-07,-1.9069768813110348e-07,,
108,00108_rough,rough,256,256,2e-05,8.579222049748948e-07,1.0243095274764219e-07,1.2624657800635776e-07,0,3,1,0,1,1,0,0,0,,,,,,,8,,,2.178,3.558273676033742e-08,2.288943751665014e-07,,2.3149944258272738e-08,-3.52056862981404e-07,,
109,00109_smooth,smooth,256,256,1e-05,6.796461081536029e-07,1.5388476490118932e-07,1.5943404813637242e-07,0,1,0,0,0,0,0,0,1,,,,,4.184465321267669e-08,,,,,,,,,,,,
110,00110_grating,grating,256,256,1e-05,1.3599060111902593e-06,6.038565616609143e-07,6.83927537781023e-07,1,3,1,1,0,0,1,0,0,-2.939389929548923e-06,,,,,,,9,,,,,1.8384040236265864e-06,1.6169027474274964e-07,2.680136699028791e-07,72.69,38.53
111,00111_rough,rough,256,256,1e-05,1.1195777663690904e-06,1.540553922853663e-07,1.102684208600868e-06,0,3,1,1,0,0,1,0,0,-2.0971975964447454e-06,,,,,,,29,,2.165,,,6.410617188919747e-06,2.597968756833174e-06,-2.886955277247038e-06,,
112,00112_particles,particles,256,256,5e-06,8.773359056618261e-07,1.8068179650111094e-07,2.134227787823954e-07,0,2,0,0,0,1,1,0,0,,,,,,48,12,40,,,,4.1066367450368485e-07,3.6723693830645903e-06,,,,
113,00113_rough,rough,256,256,2e-05,1.1505462382491027e-06,1.6078842339387164e-07,8.239183238770876e-07,0,3,1,0,0,1,1,0,0,,,,,,,10,5,,2.79,,3.960481634229077e-07,3.5128960179902524e-06,-2.6818042648595586e-06,-1.001649085547924e-06,,
114,00114_lattice,lattice,256,256,5e-05,1.32993686028933e-06,3.3224676173919944e-07,3.789307555600145e-07,1,3,0,0,0,1,1,0,1,,,,,1.3379110183857414e-07,,1,37,,,,9.299060719502275e-07,4.831163262390905e-06,,,85.47,17.45
115,00115_grating,grating,256,256,1e-05,1.6030644919946469e-07,7.025250220659875e-08,1.1691334981346672e-07,1,6,1,1,1,1,1,0,1,-6.245920165320434e-07,,,,4.961635874757159e-09,,1,32,,,2.3883740884582802e-08,1.706940613579619e-07,5.096934117684539e-07,1.9256427339794097e-08,-2.0005874166649533e-07,168.76,27.75
116,00116_terraces,terraces,256,256,2e-05,5.317561736291468e-07,1.3132020993679812e-07,2.47151832353097e-07,0,4,0,1,1,1,0,0,1,1.3121737871754919e-06,,,,3.134552662843083e-08,,3,,2,,1.3462029609116199e-07,5.819970217787424e-07,,,,,
117,00117_rough,rough,256,256,5e-05,4.2531923088980833e-07,5.820146317038528e-08,5.820146317038529e-08,0,0,0,0,0,0,0,0,0,,,,,,,,,,2.357,,,,,,,
118,00118_lattice,lattice,256,256,1e-05,1.1022951846119783e-06,2.755211052319259e-07,2.793661772523638e-07,1,1,0,0,0,0,0,0,1,,,,,4.630722998135417e-08,,,,,,,,,,,38.69,15.62
119,00119_rough,rough,256,256,5e-06,1.0814918711984418e-06,1.826368197779434e-07,2.6655291228776837e-07,0,4,0,1,1,1,0,1,0,3.674016900956016e-07,1.5940617352422092e-07,12.472,8.172,,,4,,,3.173,1.4657154658834526e-07,9.096817834312422e-07,,,,,
120,00120_terraces,terraces,256,256,5e-05,9.101108071758245e-07,1.7774785980360218e-07,4.5545493631766407e-07,0,3,0,1,1,0,0,0,1,-2.627385399693434e-06,,,,1.4646275799368298e-08,,,,3,,3.0090845530713417e-07,,,,,,
121,00121_particles,particles,256,256,2e-05,6.274199634740636e-07,1.296586350947749e-07,1.951747108242301e-07,0,2,0,0,0,1,0,1,0,,1.7346891147239898e-07,175.205,9.263,,57,10,,,,,5.470898617483682e-07,,,,,
122,00122_rough,rough,256,256,5e-06,8.803297596171609e-07,1.1372912813594539e-07,1.1372912813594539e-07,0,0,0,0,0,0,0,0,0,,,,,,,,,,2.315,,,,,,,
123,00123_particles,particles,256,256,5e-05,1.1434556954695833e-06,1.6381801835500281e-07,2.4554079481665616e-07,0,3,0,0,0,1,1,0,1,,,,,4.62185584486348e-08,12,4,9,,,,1.3397408272818121e-06,6.84522655568674e-06,,,,
124,00124_grating,grating,256,256,5e-06,1.3130625191241006e-06,5.707826789409811e-07,7.114602245129569e-07,1,1,0,0,0,0,0,1,0,,6.007752180488523e-07,16.821,3.02,,,,,,,,,,,,96.24,27.65
125,00125_grating,grating,256,256,2e-05,7.451278869300897e-07,3.199719005451774e-07,3.968084484564888e-07,1,2,0,1,0,0,0,1,0,-9.59903299756132e-07,2.887694776223589e-07,44.994,15.734,,,,,,,,,,,,109.97,24.56
126,00126_grating,grating,256,256,2e-05,1.0890185332596224e-06,4.803402753561711e-07,5.031203135838449e-07,1,3,0,0,1,1,0,0,1,,,,,3.854995334363418e-08,,10,,,,1.3533403417309142e-07,4.5862335625236114e-07,,,,32.98,36.14
127,00127_terraces,terraces,256,256,5e-06,2.6453440580009186e-07,6.612828805799283e-08,1.0310918074611287e-07,0,2,0,0,1,0,0,0,1,,,,,2.8820320952715037e-08,,,,2,,7.08800514873613e-08,,,,,,
128,00128_particles,particles,256,256,1e-05,7.688985402091216e-07,1.3659330896725976e-07,5.508973483520674e-07,0,4,1,1,0,1,0,0,1,-9.39666160820238e-07,,,,5.6469402651353484e-08,45,7,,,,,1.4904058091559738e-07,,-4.2762200649374497e-07,-1.8289972434051988e-06,,
129,00129_smooth,smooth,256,256,1e-05,8.77615417537129e-07,1.9481349866381357e-07,7.878218338041728e-07,0,7,1,1,1,1,1,1,1,-1.9718756859903737e-06,7.286644968554544e-08,101.516,4.802,9.055493975915203e-08,,2,14,,,2.632887975340872e-07,3.538160836984777e-07,3.6330270460134287e-06,1.1900598067184416e-06,1.5411823911216222e-06,,
130,00130_rough,rough,256,256,1e-05,4.3161122814018733e-07,6.685652246607144e-08,1.4387995107184223e-07,0,3,0,1,0,1,0,0,1,-1.2732020531268068e-06,,,,3.0209873291387334e-08,,7,,,2.769,,2.086603668901866e-07,,,,,
131,00131_smooth,smooth,256,256,5e-06,5.922805936755992e-07,1.358260121152351e-07,6.504583337800978e-07,0,4,1,1,0,1,0,0,1,-2.261086053905892e-06,,,,8.452243679150257e-08,,5,,,,,5.288483666457841e-07,,7.212824451207344e-07,-1.3797662697530051e-06,,
132,00132_terraces,terraces,256,256,2e-05,1.0677530220167e-06,1.9651745272007222e-07,4.848381013201982e-07,0,6,0,1,1,1,1,1,1,-1.2737381769652878e-06,3.200264736890418e-07,67.676,20.966,1.539221825067655e-07,,4,12,6,,2.7932053620164464e-07,5.924726030750264e-07,6.267570277469668e-06,,,,
133,00133_terraces,terraces,256,256,2e-05,1.091852388406914e-06,2.0641695751791005e-07,7.962063900365399e-07,0,6,1,1,1,1,1,1,0,-3.0965399057169403e-06,1.979809031449877e-07,177.363,9.948,,,11,35,4,,4.462271308678827e-08,5.905350650507944e-07,4.697073287072394e-06,1.7157627189792402e-06,1.3128759226266992e-06,,
134,00134_rough,rough,256,256,2e-05,2.352154683380627e-07,3.9533592853109195e-08,1.1449619159821476e-07,0,5,1,0,1,1,1,0,1,,,,,2.8604917230566528e-08,,1,34,,3.151,4.293183953786653e-08,2.716763062324708e-07,9.114363714074421e-07,4.859475952555737e-08,-2.6819632685213504e-07,,
135,00135_rough,rough,256,256,1e-05,1.2541794698730067e-06,1.7608131123200507e-07,1.9699853914168227e-07,0,2,0,0,0,1,1,0,0,,,,,,,5,38,,2.321,,6.190690328571448e-07,3.126880360046393e-06,,,,
136,00136_particles,particles,256,256,5e-05,9.260892988449396e-07,1.7842752093065166e-07,7.421693160437653e-07,0,4,1,1,0,1,0,1,0,1.99712263180731e-06,6.007708696123261e-08,112.918,14.948,,56,10,,,,,1.9771315392822398e-07,,1.778053966944807e-06,1.5955791490423981e-06,,
137,00137_rough,rough,256,256,1e-05,3.690939392485778e-07,5.3675865689643264e-08,1.031981143817641e-07,0,4,1,1,0,0,1,1,0,2.2408736164544316e-07,5.537636430576823e-08,97.993,23.029,,,,34,,2.567,,,6.974176040085305e-07,-1.0014893281420832e-08,2.3435125624483425e-07,,
138,00138_rough,rough,256,256,5e-06,3.1020503197519824e-07,3.961154803251825e-08,5.240070830131204e-08,0,2,0,1,0,0,0,1,0,9.281026146038566e-08,5.014685442225178e-08,51.755,22.789,,,,,,2.409,,,,,,,
139,00139_particles,particles,256,256,5e-06,1.231682391257763e-06,2.5220197430660206e-07,1.1002048832374332e-06,0,5,1,1,1,1,1,0,0,1.155774128243447e-06,,,,,31,7,12,,,4.182828831624436e-07,9.042041045016683e-07,7.31984034903839e-06,-2.0226768715189646e-06,-2.785745302327058e-06,,
140,00140_particles,particles,256,256,2e-05,6.518051223437162e-07,9.946712272696389e-08,2.5855619221972814e-07,0,5,1,1,1,1,0,0,1,3.416483160721515e-07,,,,9.181447970113195e-08,17,12,,,,3.20296194763759e-08,4.5192267056701125e-07,,3.1005425832193e-07,5.427452038547235e-07,,
141,00141_terraces,terraces,256,256,2e-05,1.342719294783039e-06,2.1042167571889946e-07,7.856126824232724e-07,0,1,1,0,0,0,0,0,0,,,,,,,,,4,,,,,-2.6198966095284566e-06,-6.386336893942868e-07,,
142,00142_smooth,smooth,256,256,5e-05,1.2829364016908482e-06,3.204783996464206e-07,4.5716935453855816e-07,0,3,0,1,1,0,1,0,0,1.8860997369857496e-06,,,,,,,20,,,2.2106784439623452e-07,,4.713233497672755e-06,,,,
143,00143_particles,particles,256,256,2e-05,8.980845413618668e-07,1.717753019445733e-07,4.855545993913631e-07,0,4,1,0,0,1,1,0,1,,,,,4.526832150556351e-08,49,5,2,,,,5.455469210233664e-07,4.448902037702256e-06,1.8577247199523191e-07,1.5989164658016017e-06,,
144,00144_particles,particles,256,256,1e-05,9.974880921949988e-07,1.9251849889927483e-07,2.1743812039411617e-07,0,1,0,1,0,0,0,0,0,1.481890982284537e-06,,,,,60,,,,,,,,,,,
145,00145_particles,particles,256,256,2e-05,8.886673015092799e-07,1.8150743276946746e-07,2.883208484744911e-07,0,3,0,1,0,1,1,0,0,-1.7642766367957167e-06,,,,,12,4,28,,,,4.3400319969020274e-07,2.1063974780433344e-06,,,,
146,00146_rough,rough,256,256,5e-05,1.0219446307411738e-06,1.324377148889236e-07,4.1600443185393923e-07,0,5,0,1,0,1,1,1,1,1.2667925467174587e-06,4.721806678720543e-07,93.904,18.608,1.1148838397650746e-07,,3,1,,2.791,,2.07341566590673e-07,5.960591372660291e-06,,,,
147,00147_smooth,smooth,256,256,2e-05,6.724261153955185e-07,1.4956880746612104e-07,6.233126724728876e-07,0,5,1,1,1,0,0,1,1,-4.988658174114945e-07,2.860474758413946e-07,177.222,7.598,9.37550988750097e-08,,,,,,1.1732940806790579e-07,,,-1.0157723680719601e-06,-1.980691123893708e-06,,
148,00148_lattice,lattice,256,256,2e-05,3.677801793338565e-07,9.194501333669414e-08,2.891378294106847e-07,1,3,1,1,1,0,0,0,0,1.3989424445994978e-06,,,,,,,,,,1.1376601707208482e-07,,,6.935407718900855e-07,2.0099702895653393e-07,49.94,19.73
149,00149_grating,grating,256,256,2e-05,3.7332951783453325e-07,1.645558760487945e-07,2.080513888891343e-07,1,3,0,1,0,0,0,1,1,7.312694336465234e-07,1.3126626258679672e-07,156.002,18.571,1.8194603910279423e-08,,,,,,,,,,,131.84,13.15
150,00150_grating,grating,256,256,5e-06,4.507354718828233e-07,1.9330256453882916e-07,2.733453346079756e-07,1,3,1,1,0,0,0,0,1,-1.5379456640316479e-06,,,,2.216555141819826e-08,,,,,,,,,1.1370243907840435e-07,3.5299648108435526e-07,101.47,23.23
151,00151_rough,rough,256,256,2e-05,4.969540650970394e-07,8.08549258344627e-08,9.661300787983606e-08,0,2,0,0,0,1,0,0,1,,,,,7.556808148043399e-09,,12,,,2.838,,3.685238897656681e-07,,,,,
152,00152_terraces,terraces,256,256,5e-05,3.941289345538747e-07,6.453451645553572e-08,1.2697070316531498e-07,0,3,0,1,0,1,0,1,0,-6.08913401776454e-07,1.4189117803484952e-07,138.847,3.535,,,4,,6,,,3.989083505765356e-07,,,,,
153,00153_lattice,lattice,256,256,1e-05,1.890475168797118e-07,4.727168902994862e-08,7.451540388183512e-08,1,2,1,0,1,0,0,0,0,,,,,,,,,,,5.043398450152319e-08,,,-6.010542242470961e-09,1.2148023624929973e-07,37.54,20.69
154,00154_rough,rough,256,256,5e-06,5.612113813336174e-07,7.855820419372102e-08,2.2152587550570394e-07,0,3,0,0,1,0,1,0,1,,,,,7.095488063708283e-08,,,5,,2.334,1.9386723015674518e-07,,1.9713317544232466e-06,,,,
155,00155_smooth,smooth,256,256,5e-05,1.1773696395603466e-06,2.873115765702215e-07,3.373583913513268e-07,0,3,0,1,0,1,0,0,1,4.347332272162868e-07,,,,3.2627470202682156e-08,,9,,,,,1.015565936249457e-06,,,,,
156,00156_lattice,lattice,256,256,5e-05,1.014975772471054e-06,2.5386829801035567e-07,4.522551198788031e-07,1,3,0,1,0,0,1,1,0,-2.2865351615420033e-06,3.7312290211597696e-07,86.765,18.309,,,,25,,,,,3.93650573902154e-06,,,88.02,16.76
157,00157_terraces,terraces,256,256,5e-06,1.29123690083949e-06,2.304589009095497e-07,1.042734796427764e-06,0,4,1,1,1,0,1,0,0,2.0561551385803205e-06,,,,,,,17,4,,1.6816713006129678e-07,,3.2988377756058602e-06,-3.1254549138788613e-06,-1.2956896743767678e-06,,
158,00158_rough,rough,256,256,2e-05,1.2209675783154225e-06,2.105399342583889e-07,2.637695407816586e-07,0,1,0,0,0,0,0,0,1,,,,,1.5784091227327728e-07,,,,,3.437,,,,,,,
159,00159_lattice,lattice,256,256,5e-06,2.2834928826504276e-07,5.709884123243003e-08,1.3378089952849382e-07,1,4,0,1,1,0,0,1,1,8.747544249352003e-07,6.842978660593642e-08,90.292,14.868,2.5662631499281616e-08,,,,,,4.6732195528993474e-08,,,,,53.29,15.88
160,00160_rough,rough,256,256,5e-06,1.2322971461702581e-06,2.090732970257967e-07,3.881123059843762e-07,0,2,0,1,0,0,0,1,0,3.7759054300420206e-06,1.4744856631830834e-07,27.36,29.082,,,,,,2.809,,,,,,,
161,00161_grating,grating,256,256,1e-05,5.337210666306343e-07,2.3948715689292905e-07,2.730742803615698e-07,1,5,0,1,1,0,1,1,1,-4.443032970921025e-07,4.785384041863501e-08,5.267,6.816,6.827229174926747e-08,,,39,,,9.188470699630331e-08,,1.0409839026893083e-06,,,69.75,32.74
162,00162_grating,grating,256,256,5e-05,6.404874206639951e-07,2.8640229265230873e-07,4.845488153964129e-07,1,2,1,0,0,0,0,1,0,,1.6186331132231786e-07,155.92,25.758,,,,,,,,,,-3.695130810571321e-07,-1.24071169969257e-06,158.11,32.16
163,00163_rough,rough,256,256,2e-05,1.2754403448164228e-06,1.5462496422989477e-07,2.2733710312674336e-07,0,2,0,0,0,1,1,0,0,,,,,,,5,19,,2.296,,1.4523862003240356e-06,5.362097596704829e-06,,,,
164,00164_particles,particles,256,256,5e-05,1.1945351642906092e-06,1.933382028414184e-07,5.63792368398336e-07,0,4,0,1,1,1,0,0,1,4.321413898623375e-06,,,,8.286040395774485e-08,17,1,,,,3.495000669917225e-07,2.1341905747538285e-07,,,,,
165,00165_particles,particles,256,256,5e-05,1.2435210823303046e-06,2.0251274868947957e-07,2.9998064610261204e-07,0,3,0,0,0,0,1,1,1,,2.2178160934759183e-07,138.476,28.946,1.2875147259580316e-07,51,,24,,,,,4.5220273026286494e-06,,,,
166,00166_lattice,lattice,256,256,1e-05,6.258959039276828e-07,1.564684404028952e-07,2.82332052487287e-07,1,3,0,1,0,1,0,1,0,2.0952634731251818e-06,1.0349194724825759e-07,94.671,13.49,,,7,,,,,1.160460306182374e-07,,,,80.16,11.48
167,00167_particles,particles,256,256,5e-05,2.2925810977834228e-07,3.488820380216323e-08,1.0845498202664428e-07,0,3,1,0,0,1,0,0,1,,,,,4.285079686620918e-09,35,12,,,,,2.3304983201446e-07,,2.3643816201484854e-07,2.2749667118923633e-07,,
168,00168_terraces,terraces,256,256,5e-06,9.224049159179022e-07,1.8071798124415664e-07,3.512418808457119e-07,0,4,0,0,1,1,1,1,0,,3.3001465004229395e-07,41.208,27.008,,,3,20,3,,1.5292623474151515e-07,9.157863097034267e-07,2.880723496778912e-06,,,,
169,00169_rough,rough,256,256,5e-05,1.2208156188829e-07,1.8457458088883318e-08,9.188552287784173e-08,0,3,1,0,0,1,0,1,0,,1.7682683060163945e-08,138.474,23.193,,,7,,,2.745,,9.315257123539786e-08,,-2.120133796910595e-07,1.7241554294340077e-07,,
170,00170_rough,rough,256,256,1e-05,7.194958663214962e-07,1.1465054147887892e-07,3.8696270080465226e-07,0,2,1,0,0,1,0,0,0,,,,,,,9,,,2.665,,3.9646681672115035e-07,,-1.2273884443491922e-06,-2.012739660151142e-07,,
171,00171_lattice,lattice,256,256,2e-05,1.0660027329854864e-06,2.66535459119272e-07,6.431398336035896e-07,1,4,1,1,0,1,0,0,1,7.411155691299429e-09,,,,1.0932526821892512e-07,,3,,,,,9.70068575510131e-07,,-1.8039480708967213e-06,-7.737250811704672e-07,36.47,26.27
172,00172_particles,particles,256,256,5e-06,1.0841663270585019e-06,2.1317259571900393e-07,1.2131035855146757e-06,0,3,1,0,1,0,0,1,0,,1.5350028431461018e-07,9.089,21.592,,55,,,,,2.42315309688678e-07,,,-3.061523803423844e-06,-2.902569826112606e-06,,
173,00173_grating,grating,256,256,5e-05,1.243607245315283e-06,5.517500423991794e-07,6.858982305263963e-07,1,3,0,0,1,1,1,0,0,,,,,,,9,6,,,3.867116756320732e-07,8.471094983839793e-07,4.525874346662253e-06,,,59.5,8.47
174,00174_terraces,terraces,256,256,2e-05,6.338284848191899e-07,1.0395578926157358e-07,2.622243140219525e-07,0,4,1,1,0,1,1,0,0,2.2213703467621685e-08,,,,,,2,16,6,,,5.149966151847142e-07,2.0207899463201644e-06,6.03985947306845e-07,-6.867383156841183e-07,,
175,00175_terraces,terraces,256,256,5e-05,4.4160833024030925e-07,7.36071555351393e-08,7.705432878660007e-08,0,1,0,0,0,0,1,0,0,,,,,,,,27,5,,,,1.10694593444207e-06,,,,
176,00176_terraces,terraces,256,256,2e-05,9.80178977455592e-07,2.1333021455536988e-07,7.751109176309577e-07,0,6,1,1,1,0,1,1,1,-4.205203016054306e-07,3.9057553765363876e-07,122.892,5.868,4.64373166786501e-08,,,20,2,,1.9120322152732886e-07,,5.146249244298931e-06,-1.412495241598029e-06,2.0626628656434922e-06,,
177,00177_smooth,smooth,256,256,1e-05,3.495253445942351e-07,7.795069411040284e-08,2.8222216618686777e-07,0,5,1,0,1,1,1,0,1,,,,,4.041280141790028e-09,,10,11,,,1.193988184527931e-07,1.189783458350559e-07,1.1983879336043152e-06,-8.12203646628048e-07,-7.581677689496464e-07,,
178,00178_grating,grating,256,256,2e-05,1.7303204791651535e-07,7.402627796893421e-08,1.0668597627975243e-07,1,3,1,0,1,0,0,0,1,,,,,2.587121430859298e-08,,,,,,2.0536695828672568e-08,,,-2.3858811344868903e-07,-2.7066723462912043e-08,179.56,8.24
179,00179_smooth,smooth,256,256,1e-05,5.002166045639025e-07,1.0530309997100095e-07,1.27634973029172e-07,0,4,0,1,0,1,1,1,0,2.1273713416569962e-07,3.2605000393270965e-08,60.023,11.491,,,4,12,,,,5.475765022494134e-07,2.6277365810487737e-06,,,,
180,00180_lattice,lattice,256,256,2e-05,3.744820339496809e-07,9.36492765927966e-08,3.6037836360919207e-07,1,2,1,0,0,0,0,1,0,,9.249449520752877e-08,125.592,10.116,,,,,,,,,,8.804492013609394e-07,7.916378069432737e-07,5.72,14.35
181,00181_lattice,lattice,256,256,5e-05,1.2192983176645385e-06,3.048413095560873e-07,5.17615932978109e-07,1,5,0,0,1,1,1,1,1,,1.2378048699371756e-07,6.517,8.289,2.3971529702318576e-08,,2,19,,,4.051148743951156e-07,1.3909435217276046e-06,3.091888826857305e-06,,,74.3,12.25
182,00182_lattice,lattice,256,256,5e-06,7.547841712973861e-07,1.8868501965881896e-07,7.569455710835986e-07,1,5,1,1,0,1,0,1,1,1.5441976283509891e-06,2.710568845551663e-07,101.465,23.995,8.461719915477066e-08,,4,,,,,2.406347013465191e-07,,2.2167894278701836e-06,8.521838603358942e-07,56.37,10.88
183,00183_lattice,lattice,256,256,5e-05,4.680238017524357e-07,1.170050123315456e-07,4.6269714655039884e-07,1,3,1,0,1,1,0,0,0,,,,,,,4,,,,4.679719747106543e-08,3.022419173389244e-07,,1.2707908708648593e-06,-8.965513324026637e-07,50.35,10.94
184,00184_terraces,terraces,256,256,5e-06,3.5085678858954393e-07,5.4086214873340144e-08,3.835967649774886e-07,0,3,1,0,0,1,1,0,0,,,,,,,3,40,4,,,9.432077042808573e-08,1.3790059406462724e-06,-8.572687916117666e-07,-9.230022371449783e-07,,
185,00185_smooth,smooth,256,256,5e-05,8.991885328011624e-07,1.897992994116979e-07,2.424138937133191e-07,0,2,0,0,0,0,0,1,1,,1.7660976697090608e-07,150.916,8.462,8.399219269133414e-08,,,,,,,,,,,,
186,00186_particles,particles,256,256,2e-05,4.3420968989205704e-07,7.935804518434789e-08,1.6435517119270934e-07,0,2,0,1,0,0,0,1,0,3.609866735377582e-07,1.9703574275340593e-07,63.417,23.262,,36,,,,,,,,,,,
187,00187_particles,particles,256,256,5e-06,9.313702079284595e-07,1.416885348604438e-07,1.416885348604438e-07,0,0,0,0,0,0,0,0,0,,,,,,11,,,,,,,,,,,
188,00188_smooth,smooth,256,256,1e-05,1.9303509979851876e-07,4.011272663315196e-08,1.5936799795787975e-07,0,3,1,1,0,0,1,0,0,-9.97048658887235e-08,,,,,,,6,,,,,3.2673493887782136e-07,5.326852051534252e-08,-4.451445264141296e-07,,
189,00189_lattice,lattice,256,256,1e-05,1.3297953772641494e-06,3.32495114895406e-07,6.164329179207741e-07,1,2,0,0,1,0,0,1,0,,4.785809779837039e-07,167.43,11.992,,,,,,,4.1372467403791424e-07,,,,,36.32,18.24
190,00190_lattice,lattice,256,256,2e-05,1.3179715494405176e-06,3.2945211107558574e-07,1.1086161697749119e-06,1,3,1,1,0,0,0,0,1,1.2357556628988923e-06,,,,1.547979551016515e-07,,,,,,,,,-2.3694145242336226e-06,-2.7000385001673084e-06,54.88,17.22
191,00191_rough,rough,256,256,2e-05,8.893767928019706e-08,1.705469043674953e-08,2.4861743277144692e-08,0,4,1,0,0,1,1,1,0,,2.2273169115182906e-08,20.722,21.728,,,1,16,,3.309,,4.816928820600396e-08,2.751449072494409e-07,2.5549823087823078e-09,5.35599776329088e-08,,
192,00192_grating,grating,256,256,5e-05,6.357642195914248e-07,2.7306616745853595e-07,2.996293524940502e-07,1,2,0,1,0,1,0,0,0,1.1034603410318418e-06,,,,,,7,,,,,2.54784871038334e-07,,,,95.68,36.91
193,00193_grating,grating,256,256,5e-06,1.1297340704091981e-06,4.990887216721028e-07,6.44236283307552e-07,1,2,0,0,1,0,0,1,0,,3.957900153789855e-07,101.149,4.13,,,,,,,2.619885751777038e-07,,,,,71.15,24.99
194,00194_rough,rough,256,256,1e-05,1.3853725681497477e-06,1.6596580097422112e-07,1.1748961780221345e-06,0,3,1,0,0,1,1,0,0,,,,,,,5,25,,2.04,,2.795922708729727e-07,8.303743856315799e-06,2.416586153025211e-06,3.325865467933864e-06,,
195,00195_particles,particles,256,256,5e-06,5.251054868059476e-07,8.185510473943965e-08,2.0367727701910038e-07,0,2,0,0,1,0,1,0,0,,,,,,13,,21,,,1.7254035566166765e-07,,8.607624773572532e-07,,,,
196,00196_rough,rough,256,256,1e-05,2.9721088585002624e-07,4.4737902913940896e-08,1.1118331133467252e-07,0,4,0,0,0,1,1,1,1,,1.2348890054644465e-07,159.025,23.597,4.0428907371231404e-08,,1,18,,2.598,,3.5457442770808243e-07,1.2924766927881337e-06,,,,
197,00197_particles,particles,256,256,5e-06,2.1460016514298064e-07,3.3209320442557694e-08,9.564889346983725e-08,0,3,0,1,0,1,0,1,0,6.530457137713117e-07,7.44706978574087e-08,173.883,18.731,,31,12,,,,,1.6989227126684098e-07,,,,,
198,00198_rough,rough,256,256,5e-05,2.1538870005735087e-07,2.8173601871138605e-08,1.6604966249798877e-07,0,3,1,1,1,0,0,0,0,-1.8896749057005704e-07,,,,,,,,,2.324,7.317425317761804e-08,,,5.201230333855557e-07,-6.05887934688003e-08,,
199,00199_rough,rough,256,256,2e-05,7.665470035285875e-07,9.891945151798932e-08,6.427792346839592e-07,0,5,1,1,0,0,1,1,1,2.90914680696471e-06,2.3581136027596082e-07,173.117,14.64,1.1250857956218283e-07,,,27,,2.263,,,2.4691756744331105e-06,-1.3702350653792546e-06,-1.2022470887304738e-06,,
200,00200_terraces,terraces,256,256,2e-05,8.335488293062603e-07,2.041072010369963e-07,3.8031278315358436e-07,0,2,1,0,0,0,0,0,1,,,,,7.3451963989899e-08,,,,2,,,,,9.425716747541604e-07,-4.150812066299014e-07,,
201,00201_smooth,smooth,256,256,1e-05,4.784325751940821e-07,9.641654436643836e-08,4.697432342241571e-07,0,3,1,0,0,1,0,0,1,,,,,1.9682190355361633e-08,,9,,,,,1.1224662536323552e-07,,1.020639820827069e-06,8.265625001374007e-07,,
202,00202_smooth,smooth,256,256,5e-06,1.45741366534658e-07,3.020078410230575e-08,3.838152228046532e-08,0,3,0,0,0,1,1,0,1,,,,,5.424953947554647e-09,,11,13,,,,1.432272671133147e-07,8.446866323593427e-07,,,,
203,00203_rough,rough,256,256,1e-05,1.077630780288702e-06,1.618691581646311e-07,4.761179734912279e-07,0,6,1,1,1,1,1,1,0,9.366077472180133e-07,2.733757056157612e-07,134.676,29.02,,,7,18,,3.102,3.228040505965813e-07,1.1676681816557928e-06,1.3154966928464707e-06,-4.082908867060389e-07,1.2576371930534955e-07,,
204,00204_rough,rough,256,256,5e-05,1.0912716845147055e-06,1.4133538151915856e-07,7.493259873217098e-07,0,2,1,0,0,0,0,1,0,,4.7420750096055425e-07,5.985,20.439,,,,,,2.491,,,,1.3394623213201791e-07,-2.2750993212055626e-06,,
205,00205_smooth,smooth,256,256,1e-05,2.2475140126914244e-07,5.75198176274987e-08,1.0037970799428935e-07,0,5,1,1,1,0,1,1,0,-6.311797679559923e-07,2.3196814065670295e-08,123.447,26.551,,,,35,,,4.509556885835659e-08,,5.702137121665392e-07,2.285331688004049e-07,-2.7678413221591947e-07,,
206,00206_terraces,terraces,256,256,5e-05,1.3582817050786794e-06,2.600546986749927e-07,7.494741383605744e-07,0,6,1,1,1,0,1,1,1,3.2681650931042666e-06,3.477088975820475e-07,89.989,12.419,1.2460532670365726e-07,,,27,3,,2.5981612517130853e-07,,7.047186047616767e-06,5.577359309077517e-07,-1.7800261136042122e-06,,
207,00207_smooth,smooth,256,256,2e-05,9.032932998660757e-07,1.9896329913166913e-07,4.388506978448509e-07,0,3,1,0,1,0,1,0,0,,,,,,,,22,,,1.9936452708305795e-07,,4.958976313601357e-06,-5.202028720871363e-07,-9.262897020261241e-07,,
208,00208_terraces,terraces,256,256,5e-06,1.1264701952624147e-06,2.0534204955638778e-07,1.0181824640053697e-06,0,3,1,1,0,1,0,0,0,-2.516023035991198e-06,,,,,,7,,6,,,1.0980377155769444e-06,,1.1341200847260196e-06,3.305816358407579e-06,,
209,00209_smooth,smooth,256,256,5e-06,2.1531133999538444e-07,4.19663321664588e-08,1.2564420259426966e-07,0,4,1,1,0,0,0,1,1,5.397204592224696e-07,1.3870937240766636e-08,97.893,12.809,2.2099930137827732e-08,,,,,,,,,2.4615944865904106e-07,2.7133485548331924e-07,,
210,00210_grating,grating,256,256,2e-05,8.1370012842777e-07,3.623775703047845e-07,6.611740858047604e-07,1,5,1,0,1,0,1,1,1,,1.1472152066956445e-07,0.992,17.182,4.968661115775159e-08,,,35,,,1.6174756017438356e-07,,4.3525301812515564e-06,1.7826351847031882e-06,-1.3125160564572785e-07,161.29,24.79
211,00211_rough,rough,256,256,5e-06,6.265250934780939e-07,8.218789501368104e-08,4.787729840959549e-07,0,3,1,0,1,0,0,1,0,,2.8621487347039833e-07,77.942,6.068,,,,,,2.602,4.131054371569035e-08,,,2.8331374421523503e-07,1.3446300397438023e-06,,
212,00212_smooth,smooth,256,256,5e-06,5.954122531266648e-07,1.2536407907733242e-07,1.4188043370853303e-07,0,4,0,1,1,0,1,0,1,2.1699245259019063e-07,,,,4.118989621435959e-08,,,38,,,2.0412824124336925e-08,,1.8935063875478772e-06,,,,
213,00213_grating,grating,256,256,5e-06,1.3911797366287291e-06,6.025987769442447e-07,7.663752576580165e-07,1,3,1,0,0,0,1,1,0,,4.4581995210088913e-07,140.679,6.723,,,,17,,,,,4.961598536668184e-06,9.051307798522999e-07,-8.185503873770946e-07,140.84,34.32
214,00214_lattice,lattice,256,256,5e-06,1.231931094271768e-07,3.080109113046236e-08,6.105906467024008e-08,1,5,0,0,1,1,1,1,1,,4.4835659386344796e-08,4.793,25.696,1.4458511286221613e-08,,9,31,,,3.355419808324799e-08,1.335026709777123e-07,2.551235542115095e-07,,,43.97,10.76
215,00215_smooth,smooth,256,256,1e-05,7.799231097849693e-07,1.666185224620689e-07,2.5095084200422796e-07,0,3,0,0,1,1,1,0,0,,,,,,,6,7,,,1.8560091124790957e-07,4.932787405024293e-07,1.8781950194488012e-06,,,,
216,00216_rough,rough,256,256,5e-05,6.424284343871106e-07,8.404484315493115e-08,7.747816765954082e-07,0,5,1,1,1,0,1,1,0,1.6724635807145186e-06,2.437570573144621e-07,98.125,10.586,,,,4,,2.022,1.867547390489891e-07,,1.6964740810725082e-06,1.3787416189713844e-06,-1.927223768832842e-06,,
217,00217_grating,grating,256,256,1e-05,7.844026343607471e-07,3.462011575638993e-07,3.465134252907434e-07,1,1,0,0,0,0,1,0,0,,,,,,,,4,,,,,1.883323243535215e-06,,,88.05,25.07
218,00218_rough,rough,256,256,2e-05,2.1525653470303407e-07,3.102840194698523e-08,7.451338975862498e-08,0,3,0,0,1,0,0,1,1,,5.73450097491048e-08,25.564,4.752,1.697476885444419e-08,,,,,2.673,5.57301546675159e-08,,,,,,
219,00219_smooth,smooth,256,256,5e-06,7.904959629176041e-07,1.658425742665016e-07,2.262575220325076e-07,0,4,0,1,0,1,1,0,1,-8.714104847868372e-07,,,,4.227815489336411e-08,,6,22,,,,5.399344578289141e-07,2.621050966301637e-06,,,,
220,00220_smooth,smooth,256,256,2e-05,1.1852542310263927e-06,2.1249469166657447e-07,2.738006158653818e-07,0,1,0,0,0,0,0,0,1,,,,,1.7137664974854214e-07,,,,,,,,,,,,
221,00221_grating,grating,256,256,2e-05,7.847091061125937e-08,3.447500780206446e-08,3.491506343008754e-08,1,2,0,0,1,1,0,0,0,,,,,,,11,,,,3.950894905710795e-09,2.520393251363725e-08,,,,136.29,38.23
222,00222_lattice,lattice,256,256,5e-06,9.513078560155719e-07,2.378647313331277e-07,6.735033953242767e-07,1,3,1,1,0,1,0,0,0,-3.7657928599097727e-06,,,,,,10,,,,,3.4160834479905745e-07,,-9.329038288065882e-07,1.4011395727808894e-06,73.78,22.44
223,00223_grating,grating,256,256,5e-05,6.408609969048478e-07,2.8647130438473164e-07,3.53961916251764e-07,1,4,0,1,0,0,1,1,1,3.6439916978771476e-07,2.5835804585531e-07,55.024,14.636,7.068141696562629e-08,,,22,,,,,8.545978733746454e-07,,,51.07,21.12
224,00224_particles,particles,256,256,2e-05,1.62886257896506e-07,2.6498748752698064e-08,2.8448666311674225e-08,0,2,0,0,0,1,1,0,0,,,,,,35,5,15,,,,7.123011161589433e-08,5.217127400508902e-07,,,,
225,00225_lattice,lattice,256,256,5e-05,1.8623447334439e-07,4.654643630811647e-08,4.654643630811647e-08,1,0,0,0,0,0,0,0,0,,,,,,,,,,,,,,,,53.0,14.09
226,00226_grating,grating,256,256,1e-05,2.8110597258213843e-07,1.227244971934865e-07,1.229198477245274e-07,1,1,0,0,0,0,0,0,1,,,,,7.325441652454519e-09,,,,,,,,,,,45.21,33.73
227,00227_rough,rough,256,256,1e-05,1.0791189437395055e-06,2.0335355781474928e-07,4.610243814413978e-07,0,2,0,0,1,0,0,1,0,,2.9450816071868755e-07,167.952,15.411,,,,,,3.139,3.531821373792197e-07,,,,,,
228,00228_rough,rough,256,256,1e-05,9.746988720325067e-07,2.0898658465626542e-07,5.38970443628433e-07,0,2,1,0,0,0,0,0,1,,,,,1.4619670389014995e-07,,,,,3.352,,,,-1.5793053224744696e-06,-7.693604596574835e-07,,
229,00229_grating,grating,256,256,2e-05,2.346421366680812e-07,1.0239567137677572e-07,1.1068167992791398e-07,1,4,0,1,0,0,1,1,1,-3.2487924438704106e-07,1.679289621871837e-08,175.908,17.223,2.0137135634589643e-08,,,1,,,,,1.3729688998311195e-06,,,42.73,33.83
230,00230_rough,rough,256,256,5e-06,5.876402091378721e-07,9.330681456818415e-08,1.0326723821654164e-07,0,2,0,0,0,1,1,0,0,,,,,,,5,19,,2.663,,3.34191041013625e-07,1.939225884936161e-06,,,,
231,00231_lattice,lattice,256,256,2e-05,8.284309038751549e-07,2.0708155064494013e-07,3.301638661596475e-07,1,3,0,0,1,1,0,1,0,,2.5914049056119486e-07,123.605,29.049,,,3,,,,1.7059987423030542e-07,5.299645684011893e-07,,,,78.3,14.53
232,00232_terraces,terraces,256,256,5e-06,4.929542823516501e-07,1.228251833535232e-07,4.552367145078232e-07,0,4,1,0,0,0,1,1,1,,1.34889970330814e-07,93.013,3.941,7.026028359636571e-08,,,39,2,,,,2.3448788932934683e-06,-5.948995781708084e-07,-1.1651716941192073e-06,,
233,00233_grating,grating,256,256,1e-05,3.053621528212697e-07,1.3367819901774266e-07,2.608869492995288e-07,1,3,1,0,0,0,1,1,0,,4.795337803836726e-08,129.416,22.481,,,,35,,,,,3.8967291460136915e-07,-4.951775346173344e-07,-5.759047100584771e-07,147.39,15.46
234,00234_lattice,lattice,256,256,5e-05,1.1509334304242231e-06,2.8775661897365907e-07,1.198632276320002e-06,1,3,1,1,0,1,0,0,0,-4.3779624175403035e-06,,,,,,12,,,,,7.32699156527846e-07,,3.2672782638814086e-06,1.715431966841638e-06,17.18,11.84
235,00235_particles,particles,256,256,2e-05,6.001918914229118e-07,1.0177685334968258e-07,1.1209094483690319e-07,0,1,0,0,1,0,0,0,0,,,,,,29,,,,,4.579327116135189e-08,,,,,,
236,00236_lattice,lattice,256,256,2e-05,1.4455885268048068e-07,3.6141866801800134e-08,1.4318277301295957e-07,1,2,1,0,0,0,0,0,1,,,,,1.57867153853706e-08,,,,,,,,,4.2995186641447593e-07,2.060709361111281e-07,16.17,12.02
237,00237_rough,rough,256,256,1e-05,1.2316406502345124e-06,1.7459833419025756e-07,3.8308905561653854e-07,0,3,0,0,1,0,0,1,1,,2.3605561774721291e-07,42.206,15.239,1.1818130964465728e-07,,,,,2.819,2.725282048334747e-07,,,,,,
238,00238_particles,particles,256,256,5e-05,7.179141354720072e-07,9.582535361143899e-08,1.7545417400939442e-07,0,2,0,0,0,0,0,1,1,,1.9963507551415435e-07,171.796,24.848,4.177574213808479e-08,34,,,,,,,,,,,
239,00239_lattice,lattice,256,256,2e-05,6.041740703361523e-07,1.5105747201469953e-07,2.9200146415863946e-07,1,6,0,1,1,1,1,1,1,-4.0271443243457964e-08,1.6590684099563115e-07,177.568,15.739,9.037766355774573e-08,,12,3,,,1.8491504954086794e-07,5.702301582482783e-07,8.081631300672641e-07,,,79.56,13.45
240,00240_lattice,lattice,256,256,2e-05,2.0289872591644664e-07,5.072393173976094e-08,5.1311301695580024e-08,1,1,0,0,0,0,0,0,1,,,,,7.960511933292419e-09,,,,,,,,,,,46.84,16.27
241,00241_terraces,terraces,256,256,5e-06,3.15578901512404e-07,7.803710722325332e-08,1.653257444045295e-07,0,4,0,0,1,1,0,1,1,,1.5359615418231735e-07,97.337,28.475,5.529283528666695e-09,,2,,2,,1.0158253133611344e-07,3.1420610641886935e-07,,,,,
242,00242_rough,rough,256,256,2e-05,1.0541377232820244e-06,1.3181499172038991e-07,2.5295189521370693e-07,0,2,0,0,0,1,0,0,1,,,,,9.67870626495944e-08,,10,,,2.031,,1.1077826612016981e-06,,,,,
243,00243_rough,rough,256,256,1e-05,9.959649385322869e-07,2.2205498901806356e-07,7.55590981018738e-07,0,6,1,1,1,0,1,1,1,-3.518905767241509e-06,4.83045723726297e-07,139.37,27.968,3.911642967312985e-08,,,21,,3.452,1.7260995099888958e-07,,2.3787667409440966e-06,1.4722975725141623e-06,-7.96095807403783e-07,,
244,00244_terraces,terraces,256,256,1e-05,1.2207891676549572e-06,2.15633606460681e-07,2.1752266387804706e-07,0,2,0,1,0,0,1,0,0,9.839188105685654e-07,,,,,,,29,5,,,,2.70522273007226e-06,,,,
245,00245_particles,particles,256,256,2e-05,1.5449928873102908e-07,2.0078329717102992e-08,1.5770693652107614e-07,0,6,1,1,0,1,1,1,1,-3.585906551303839e-07,7.47742809900224e-08,114.834,7.596,1.8967667010027207e-08,14,3,4,,,,1.6904108472979178e-07,8.80312014456018e-07,-2.933213189109743e-07,3.6033796976441457e-07,,
246,00246_rough,rough,256,256,1e-05,7.341419222471023e-07,1.3015540507441158e-07,6.168824171063137e-07,0,4,1,1,0,1,0,1,0,-1.5459398697401511e-06,1.7370361385439957e-07,151.93,6.241,,,10,,,3.271,,1.194043695970958e-07,,1.907188213052172e-06,8.526969353885874e-07,,
247,00247_grating,grating,256,256,5e-06,2.393437751977992e-07,1.0585185535056121e-07,1.8192304048337607e-07,1,2,1,0,0,0,1,0,0,,,,,,,,30,,,,,6.410351835140621e-07,-1.753714889783829e-07,4.806908715953508e-07,49.91,37.47
248,00248_particles,particles,256,256,1e-05,1.0998138314173576e-06,1.9633798540046057e-07,4.6204232733486664e-07,0,3,0,0,1,0,0,1,1,,5.439646962444243e-07,77.781,6.549,5.094794848128203e-08,19,,,,,1.1923218517033015e-07,,,,,,
249,00249_smooth,smooth,256,256,5e-06,1.0546281910901293e-07,2.0596050892930113e-08,3.795796223011208e-08,0,2,0,0,1,0,0,0,1,,,,,1.2860109396911747e-08,,,,,,3.0988227765898304e-08,,,,,,
250,00250_particles,particles,256,256,5e-05,2.1821191275146438e-07,4.10505217695172e-08,8.427219648908266e-08,0,3,0,1,0,1,0,0,1,6.897685192284855e-07,,,,7.2997725038576505e-09,22,4,,,,,9.993526655672905e-08,,,,,
251,00251_smooth,smooth,256,256,1e-05,1.287721228092944e-06,2.7879333403648303e-07,5.123706957418422e-07,0,2,0,0,0,0,1,1,0,,5.818549937656044e-07,147.259,8.586,,,,5,,,,,1.914988174680904e-06,,,,
252,00252_terraces,terraces,256,256,5e-05,5.484814922487608e-07,9.773521975166223e-08,2.0236876841331336e-07,0,4,0,1,1,0,1,1,0,1.815799826905791e-06,5.648787121258341e-08,49.692,26.98,,,,35,4,,1.0217232783376532e-07,,2.2230768542970897e-06,,,,
253,00253_terraces,terraces,256,256,2e-05,1.1616572234075115e-06,1.9923232583292798e-07,2.095388050952356e-07,0,1,0,0,0,0,0,0,1,,,,,6.460645921506624e-08,,,,3,,,,,,,,
254,00254_rough,rough,256,256,5e-05,6.597196344153356e-07,8.528614986213545e-08,2.098826048770975e-07,0,3,0,1,1,1,0,0,0,1.476869728433686e-06,,,,,,7,,,2.61,3.7599926503545485e-08,4.1393094982549354e-07,,,,,
255,00255_particles,particles,256,256,2e-05,7.752410037050929e-07,1.3645399558560964e-07,2.3035947499536584e-07,0,2,0,0,1,0,1,0,0,,,,,,22,,34,,,1.6823388955485718e-07,,3.635617675332827e-06,,,,
256,00256_grating,grating,256,256,1e-05,9.398536401585147e-07,4.0218538635063185e-07,5.008947728142911e-07,1,4,0,1,1,0,0,1,1,-2.0068584326873827e-06,1.382695159461183e-07,76.343,25.452,8.638136861643586e-08,,,,,,1.7253208324752035e-07,,,,,149.8,25.39
257,00257_smooth,smooth,256,256,5e-05,1.0061653531890918e-06,2.2095029137401979e-07,2.660448847793345e-07,0,3,0,0,1,1,1,0,0,,,,,,,4,1,,,1.203164414349896e-07,6.897957506042913e-07,2.866334770697778e-06,,,,
258,00258_grating,grating,256,256,5e-05,9.802382760570376e-07,4.3208280370120356e-07,7.335863864344806e-07,1,4,1,0,1,1,0,0,1,,,,,2.239465007198453e-08,,7,,,,3.5097189207987316e-08,1.5424773720148393e-07,,-1.5742847390825359e-06,1.2933552639819939e-06,134.98,32.74
259,00259_lattice,lattice,256,256,2e-05,1.2125215118454468e-07,3.0302859374062715e-08,1.0513543270129901e-07,1,3,1,0,1,0,0,1,0,,1.3453509117890095e-08,120.188,22.037,,,,,,,1.6727371501055554e-08,,,1.493052741393747e-07,3.083370032824196e-07,73.85,20.1
260,00260_lattice,lattice,256,256,5e-06,1.0270485523813874e-06,2.5677173362823987e-07,1.0578255467637694e-06,1,2,1,1,0,0,0,0,0,2.3270525857442052e-06,,,,,,,,,,,,,-2.0704289787607707e-06,2.7623733448866227e-06,33.11,13.21
261,00261_rough,rough,256,256,5e-05,6.487689858577819e-07,1.1136063483229742e-07,5.244636915373088e-07,0,4,1,1,0,0,1,0,1,1.0684750191395742e-06,,,,3.5398163862948127e-08,,,33,,3.291,,,2.5168048638776093e-06,1.5021433735102754e-06,8.526857344152179e-07,,
262,00262_lattice,lattice,256,256,1e-05,6.982729217497533e-07,1.744810571791619e-07,1.939375196277192e-07,1,1,0,1,0,0,0,0,0,8.003350327653872e-07,,,,,,,,,,,,,,,4.07,21.13
263,00263_grating,grating,256,256,2e-05,1.1268475755409223e-06,4.911439561965924e-07,6.503976859007857e-07,1,3,0,0,1,0,1,1,0,,4.79272239926975e-07,23.056,5.779,,,,16,,,2.702769777245766e-07,,2.703538453508277e-06,,,54.36,15.33
264,00264_terraces,terraces,256,256,1e-05,2.643727246283696e-07,4.3615347088787216e-08,1.5687597014490474e-07,0,6,1,1,1,1,1,0,1,8.892279933577677e-07,,,,3.5121688654194404e-08,,7,34,5,,6.437644206822937e-08,2.6732031344686e-07,3.5545352879950975e-07,-8.633911766519982e-08,-1.731684055922964e-07,,
265,00265_terraces,terraces,256,256,5e-05,8.691372692583572e-07,1.4781994496076223e-07,5.8326975169045e-07,0,3,1,0,0,0,0,1,1,,3.3368067974478647e-07,32.37,23.779,4.534100602399418e-08,,,,6,,,,,-8.767123960648e-07,1.4508646408344272e-06,,
266,00266_particles,particles,256,256,1e-05,7.974200047034149e-07,1.6880662067432516e-07,1.9925513489809186e-07,0,2,0,1,0,1,0,0,0,-5.070757460117875e-07,,,,,54,10,,,,,5.670062643192695e-07,,,,,
267,00267_terraces,terraces,256,256,1e-05,1.2237277553566295e-06,2.383436419589138e-07,3.0924052753116175e-07,0,4,0,0,1,1,1,1,0,,1.233784974659257e-07,168.946,27.746,,,11,6,4,,1.6249438583080945e-07,4.4687843017566215e-07,6.853929112285263e-06,,,,
268,00268_rough,rough,256,256,2e-05,8.391238171026502e-08,1.1130636828520536e-08,1.3649229326165628e-08,0,3,0,0,0,1,1,0,1,,,,,4.4802747849204215e-09,,12,36,,2.344,,3.1085409165467276e-08,1.711519657252285e-07,,,,
269,00269_rough,rough,256,256,2e-05,1.2255387624054954e-06,2.078330871389529e-07,2.6651427882701536e-07,0,3,0,1,0,0,0,1,1,-5.813189432028787e-07,2.2911165129009277e-07,76.449,24.263,2.2342484392080826e-08,,,,,3.105,,,,,,,
270,00270_particles,particles,256,256,5e-05,1.0562416146057466e-06,2.3755386063217892e-07,5.461111095934281e-07,0,3,0,0,1,1,0,1,0,,5.110169835484182e-07,8.24,25.338,,48,5,,,,3.23750206958155e-07,9.141769842341022e-07,,,,,
271,00271_rough,rough,256,256,5e-06,2.607167506998752e-07,3.831554333139769e-08,2.0392910016853819e-07,0,5,1,1,0,1,1,0,1,-5.270081566408677e-09,,,,1.0406356802849111e-08,,11,34,,2.4,,1.762175286725209e-07,1.5284852031345013e-06,3.7494289557770274e-07,6.141817501734269e-07,,
272,00272_grating,grating,256,256,5e-05,1.1985437848926015e-06,5.23548131507202e-07,9.89272159592958e-07,1,3,1,0,0,1,0,0,1,,,,,1.1482098013496623e-07,,6,,,,,4.043564850372707e-07,,1.6151428298224902e-07,-2.865579923090494e-06,74.43,24.93
273,00273_grating,grating,256,256,1e-05,6.567803581488067e-07,2.88346007364729e-07,3.417855983735502e-07,1,3,0,1,1,0,0,1,0,-1.05748857256958e-06,1.5130113389179625e-07,77.472,16.854,,,,,,,9.952926203770825e-08,,,,,32.4,26.36
274,00274_grating,grating,256,256,5e-06,7.03615666834178e-07,3.114816624331648e-07,6.986577037835055e-07,1,5,1,1,1,0,1,0,1,2.093692850022817e-06,,,,3.0626236288735646e-08,,,3,,,1.7800019003191732e-07,,3.896052304035221e-06,1.9380603588737946e-06,-1.3257012474215986e-08,43.8,22.7
275,00275_particles,particles,256,256,1e-05,1.3549481923182672e-06,2.4211396798884355e-07,1.485422763534044e-06,0,5,1,1,1,1,1,0,0,-4.57886391734861e-06,,,,,53,1,34,,,4.345832629299246e-07,1.4539439372292418e-06,8.068140919309734e-06,-3.82216642163268e-06,-2.827864406410417e-06,,
276,00276_rough,rough,256,256,2e-05,6.763091824176602e-07,9.90008463002766e-08,2.518168495073296e-07,0,4,0,1,1,1,0,1,0,-1.8511206059390002e-06,5.715884026967726e-08,136.567,7.171,,,11,,,2.779,1.4778918318982006e-07,1.8241355796183256e-07,,,,,
277,00277_rough,rough,256,256,5e-05,4.5275408321387525e-07,7.889049863116207e-08,3.802980102478511e-07,0,3,1,0,1,0,0,0,1,,,,,2.579846028324302e-08,,,,,3.237,1.1247149212390571e-07,,,1.1178318692210516e-07,1.1307696174762803e-06,,
278,00278_smooth,smooth,256,256,1e-05,1.1618479747934467e-06,2.6529099742990096e-07,6.139061541041764e-07,0,3,1,0,0,1,0,0,1,,,,,1.3229531055707003e-07,,11,,,,,8.13748286784633e-07,,-3.148346048557581e-07,1.079971757450362e-06,,
279,00279_lattice,lattice,256,256,1e-05,2.1966187314866647e-07,5.495898961005007e-08,9.358579464113759e-08,1,4,0,1,0,1,1,1,0,1.7182063892754433e-07,9.88363478036492e-08,37.232,10.331,,,1,7,,,,5.653750220352149e-08,8.559165316034689e-07,,,5.83,19.23
280,00280_grating,grating,256,256,1e-05,6.54831242315892e-07,2.806429015865331e-07,6.022433606539949e-07,1,3,1,1,0,0,1,0,0,1.2874469101187638e-06,,,,,,,27,,,,,3.468867314113921e-06,-2.3632551163050316e-07,-1.761356299527077e-06,155.24,27.63
281,00281_lattice,lattice,256,256,2e-05,1.324502475282741e-06,3.3113275902123366e-07,6.176392749165988e-07,1,4,1,0,0,0,1,1,1,,3.763788946806299e-07,125.404,3.276,9.147805342381638e-08,,,13,,,,,6.920736662142701e-06,1.3683353710520385e-06,-5.647970349089826e-07,51.36,12.6
282,00282_smooth,smooth,256,256,5e-05,2.427533956863236e-07,5.007147304067001e-08,9.041414543130301e-08,0,3,0,0,1,1,0,1,0,,8.563212089679099e-08,51.495,25.209,,,9,,,,3.00658824985655e-08,1.9196856608859507e-07,,,,,
283,00283_grating,grating,256,256,5e-06,2.738968326392773e-07,1.1831314076682315e-07,1.2943050873227804e-07,1,3,0,0,1,1,0,1,0,,2.901623167629358e-08,92.39,12.232,,,11,,,,4.5248604156811206e-08,1.1484600674018422e-07,,,,136.74,8.82
284,00284_terraces,terraces,256,256,5e-05,5.586958747714165e-07,1.0758037431586225e-07,3.990083637998096e-07,0,3,1,0,0,0,0,1,1,,2.2910463101726692e-07,33.744,17.025,3.032199451614025e-08,,,,3,,,,,-4.442091932793469e-07,1.1257161305328845e-06,,
285,00285_terraces,terraces,256,256,2e-05,2.009087138529047e-07,4.9048650672746415e-08,8.339919644129488e-08,0,2,0,0,0,0,0,1,1,,8.264965612395274e-08,122.667,13.973,2.8842957390155378e-08,,,,2,,,,,,,,
286,00286_rough,rough,256,256,2e-05,6.86801616853619e-07,8.548710524903621e-08,9.052502233407149e-08,0,1,0,0,0,0,1,0,0,,,,,,,,29,,2.032,,,1.4005993366821577e-06,,,,
287,00287_grating,grating,256,256,5e-05,1.0551071638487544e-06,4.644444619210962e-07,6.076530453200565e-07,1,5,0,0,1,1,1,1,1,,4.7011089364769584e-07,152.38,24.595,9.631835197052297e-08,,6,39,,,4.358886210596612e-08,1.1061385028361073e-06,4.721835647607768e-06,,,2.25,31.29
288,00288_lattice,lattice,256,256,5e-06,3.981976329176721e-07,9.952901098170542e-08,4.2263682313578594e-07,1,4,1,0,1,0,0,1,1,,1.5450331001987084e-07,10.301,4.651,2.1856355434507627e-08,,,,,,2.41199489192912e-08,,,-1.1608138002474868e-06,7.257330383578497e-07,66.66,16.36
289,00289_particles,particles,256,256,5e-05,8.504531856886452e-07,1.4702755598846552e-07,3.036731536425164e-07,0,2,0,1,0,1,0,0,0,-2.2709900541233933e-06,,,,,51,8,,,,,3.201919204604293e-07,,,,,
290,00290_smooth,smooth,256,256,1e-05,1.2005386116549396e-06,2.8094121105776746e-07,4.960619565571451e-07,0,3,1,0,0,1,0,1,0,,5.77750544844407e-07,62.366,13.645,,,5,,,,,2.899379709890068e-07,,7.055239067176997e-07,1.2941678044105149e-06,,
291,00291_smooth,smooth,256,256,5e-06,6.210561133403208e-07,1.2666655994963235e-07,2.0760213692913365e-07,0,3,0,1,0,1,0,0,1,1.3554582407572535e-06,,,,7.012836290244412e-08,,3,,,,,2.7059625669902974e-07,,,,,
292,00292_lattice,lattice,256,256,1e-05,1.1874026276143519e-06,2.9688004962192506e-07,3.130420934936653e-07,1,1,0,0,0,0,0,0,1,,,,,9.794948533210544e-08,,,,,,,,,,,83.01,16.78
293,00293_smooth,smooth,256,256,1e-05,1.322699187543336e-06,2.7517506142026904e-07,3.14495806835938e-07,0,2,0,0,0,0,0,1,1,,1.5265644194311716e-07,72.278,16.052,1.0821939197389626e-07,,,,,,,,,,,,
294,00294_rough,rough,256,256,2e-05,1.211413003841285e-07,2.2577007598544794e-08,4.547134998498212e-08,0,2,0,0,1,0,0,0,1,,,,,1.2355255970378943e-08,,,,,3.415,3.621122655474496e-08,,,,,,
295,00295_smooth,smooth,256,256,5e-05,1.4550496010028861e-07,3.0428201195458055e-08,6.374661685945032e-08,0,3,0,1,0,0,0,1,1,-3.669288832042129e-07,5.821704724125906e-08,144.578,12.788,9.844048162650253e-09,,,,,,,,,,,,
296,00296_rough,rough,256,256,1e-05,9.88946918657755e-07,1.6054706863959937e-07,4.9824889561424e-07,0,4,0,0,1,0,1,1,1,,3.881514546056593e-07,129.017,3.371,3.33984719842052e-08,,,9,,3.411,3.22198548330334e-07,,5.218170105909329e-06,,,,
297,00297_rough,rough,256,256,5e-06,4.5762859977274297e-07,7.331088032096278e-08,4.2312005936906697e-07,0,2,1,0,1,0,0,0,0,,,,,,,,,,3.15,9.097441289696541e-08,,,9.047320863852793e-07,1.1536077559476553e-06,,
298,00298_terraces,terraces,256,256,1e-05,1.9936921058570095e-07,4.127921544697715e-08,4.281643210741276e-08,0,1,0,0,0,0,1,0,0,,,,,,,,12,2,,,,8.273790897235577e-07,,,,
299,00299_terraces,terraces,256,256,5e-05,2.9836792427071213e-07,7.402407484127112e-08,1.1844190268211404e-07,0,4,0,1,1,0,1,0,1,-8.842572797772393e-07,,,,1.0399673941330914e-08,,,23,2,,2.6959706534232223e-08,,1.2565826459457203e-06,,,,
300,00300_particles,particles,256,256,2e-05,1.3610620675692732e-06,2.418219079204396e-07,5.012051287361968e-07,0,3,1,0,1,1,0,0,0,,,,,,60,8,,,,2.662347193930525e-07,8.278696433255569e-07,,-1.3816140828608765e-06,-3.863907608469816e-07,,
301,00301_lattice,lattice,256,256,5e-06,8.961126397734645e-08,2.2403279375542964e-08,2.4816560996118666e-08,1,2,0,0,1,1,0,0,0,,,,,,,3,,,,9.839941100485722e-09,6.666787662359139e-08,,,,15.39,13.13
302,00302_grating,grating,256,256,1e-05,1.6667886387279208e-07,7.235512650635952e-08,1.1728702750666148e-07,1,4,1,0,1,1,1,0,0,,,,,,,1,33,,,4.123574059729986e-08,1.0729047291994034e-07,3.598527863663727e-07,-2.0622991072484488e-07,-1.9071419745935735e-07,67.34,27.47
303,00303_rough,rough,256,256,5e-06,8.927447974863963e-07,1.5743344054947468e-07,6.364942174696027e-07,0,3,1,0,0,0,1,1,0,,3.559194244362149e-08,108.372,18.238,,,,22,,3.428,,,1.1622329717555232e-06,-2.051929786219558e-06,-6.395404069338615e-07,,
304,00304_particles,particles,256,256,1e-05,6.31279783051524e-07,1.1069531680589709e-07,7.104545251055677e-07,0,3,1,1,0,1,0,0,0,2.4283029622162433e-06,,,,,45,8,,,,,6.659562329121846e-07,,1.8758714541942246e-06,-1.1024862841221737e-06,,
305,00305_lattice,lattice,256,256,5e-05,1.848350621801568e-07,4.6211976174704624e-08,8.826152760314408e-08,1,5,0,1,1,0,1,1,1,-4.323714030338071e-07,7.754079964068466e-08,170.081,11.328,1.3676197974495234e-08,,,8,,,8.426646646316997e-09,,9.318154782210028e-07,,,4.29,21.89
306,00306_lattice,lattice,256,256,1e-05,8.47258317263244e-07,2.1192506547482336e-07,8.963873419318758e-07,1,4,1,0,0,1,1,1,0,,1.3463109948274994e-07,139.846,5.227,,,2,1,,,,6.229073714488184e-07,1.5683615729737802e-06,-2.1076187569928634e-06,2.132859680636202e-06,14.04,11.11
307,00307_grating,grating,256,256,5e-06,3.2899346018639107e-07,1.4085201028887382e-07,1.852531383688239e-07,1,2,0,1,0,0,1,0,0,1.0925548551090902e-06,,,,,,,27,,,,,8.484876628945516e-07,,,80.19,38.3
308,00308_terraces,terraces,256,256,5e-06,1.3048007362412925e-06,2.445936392952886e-07,1.1772343918337877e-06,0,5,1,1,1,1,0,1,0,2.1196309924086625e-07,1.9846177303413462e-07,58.837,7.105,,,11,,4,,2.869443435394728e-07,1.0533932105045761e-06,,-5.983257154179678e-07,3.82222068425887e-06,,
309,00309_rough,rough,256,256,5e-06,7.664729835096994e-07,8.958715464604535e-08,8.646767854855981e-07,0,6,1,1,1,1,0,1,1,2.2254717512509435e-06,3.079505695200035e-07,87.333,5.368,2.661716430551524e-08,,8,,,2.058,2.1838132393703052e-07,7.811949703660764e-07,,-1.666411725480778e-06,-1.916401783052695e-06,,
310,00310_particles,particles,256,256,5e-05,1.3012783890822526e-06,2.6051303242179375e-07,6.075302936401145e-07,0,2,0,1,1,0,0,0,0,-4.931219166014561e-06,,,,,24,,,,,7.537992978329193e-08,,,,,,
311,00311_rough,rough,256,256,5e-06,1.2549735917615572e-06,1.6153918931384598e-07,3.9726274758847975e-07,0,3,1,0,1,1,0,0,0,,,,,,,1,,,2.507,1.8687249545600511e-07,1.178825042954011e-06,,-7.413434408122958e-07,-8.650375541348234e-07,,
312,00312_grating,grating,256,256,2e-05,9.689458663476421e-07,4.237992891397177e-07,5.782876948771414e-07,1,3,1,0,1,0,1,0,0,,,,,,,,39,,,2.5591963736856747e-07,,1.6285839198428805e-06,7.463244978787937e-07,6.499657723325757e-07,36.01,20.53
313,00313_grating,grating,256,256,1e-05,1.247035701350217e-06,5.520347772134854e-07,1.0677216558059079e-06,1,4,1,1,0,1,1,0,0,-2.5395166874515495e-06,,,,,,6,4,,,,5.416368836608598e-07,6.987229253797294e-06,-3.0351554984819985e-06,1.9324226696236725e-07,166.57,20.92
314,00314_smooth,smooth,256,256,5e-06,7.498812471910495e-07,2.0647740763905637e-07,2.1306838032710545e-07,0,2,0,0,0,0,0,1,1,,6.786586555144287e-08,127.207,12.11,1.5888621573162432e-08,,,,,,,,,,,,
315,00315_terraces,terraces,256,256,5e-06,9.309767502260913e-07,1.9465920046572196e-07,5.515032913152503e-07,0,2,1,0,0,0,0,1,0,,8.654994147269571e-08,94.763,28.858,,,,,3,,,,,1.695365021666929e-06,-9.90307065628429e-07,,
316,00316_lattice,lattice,256,256,1e-05,4.3967291930209014e-07,1.0988214712831399e-07,4.843560242190144e-07,1,4,1,0,1,1,0,1,0,,1.3055432435822599e-07,114.708,4.886,,,8,,,,4.473287519944929e-08,2.514240946308026e-07,,-1.2201342860956982e-06,-1.0233620680036315e-06,78.28,14.92
317,00317_particles,particles,256,256,1e-05,1.1043538062248814e-06,2.0003588742924733e-07,9.749825250792584e-07,0,5,1,1,1,1,0,0,1,-1.7375973265680268e-06,,,,4.12558852886772e-08,22,11,,,,1.5063602708930858e-07,6.804213061932706e-07,,1.3810489178523526e-06,-2.6032607222425303e-06,,
318,00318_particles,particles,256,256,1e-05,1.1436710706533447e-06,2.3217500229043111e-07,2.889311866345732e-07,0,2,0,0,0,1,1,0,0,,,,,,29,8,34,,,,6.807320235157101e-07,6.104693292944381e-06,,,,
319,00319_grating,grating,256,256,5e-06,6.049739221395246e-07,2.6616678192196596e-07,5.203292329660171e-07,1,5,1,1,1,1,1,0,0,-2.3357378866073137e-06,,,,,,4,12,,,8.418264100893391e-08,5.524810864235827e-07,3.4046281371937362e-06,5.820927556657471e-07,-1.0965891177495035e-06,50.66,27.54
320,00320_particles,particles,256,256,2e-05,2.870378066696972e-07,5.393562670833471e-08,1.8493123724337008e-07,0,5,1,1,0,0,1,1,1,-4.823525386857511e-07,1.9715349034414112e-08,138.739,10.475,3.9695782457391886e-08,39,,16,,,,,5.333388198930463e-07,-5.025091101674432e-07,1.9601986631925907e-07,,
321,00321_lattice,lattice,256,256,1e-05,1.2180920676159665e-06,3.045270162022989e-07,4.764816424572322e-07,1,5,0,1,0,1,1,1,1,9.59363833520089e-07,4.623568719258127e-07,142.0,5.05,1.288294376522068e-07,,1,24,,,,4.6584084999592154e-07,1.2540161901297551e-06,,,73.48,18.05
322,00322_terraces,terraces,256,256,2e-05,7.719417973641366e-07,1.1779497931433655e-07,7.776803726407013e-07,0,4,1,0,1,0,1,0,1,,,,,1.928255229263414e-08,,,36,6,,3.424067041043634e-08,,2.2437677212468586e-06,-1.6691087541192995e-06,-1.932278754815041e-06,,
323,00323_rough,rough,256,256,2e-05,5.948031640829644e-07,9.188379329526664e-08,3.9600962126946496e-07,0,5,1,1,0,1,1,0,1,-1.56886445840755e-07,,,,8.798712866764376e-08,,7,11,,3.38,,6.578652192046613e-07,1.18983094711297e-06,2.817362011371167e-07,-1.2293423514346347e-06,,
324,00324_terraces,terraces,256,256,5e-06,9.284888159999762e-07,1.4119567364430688e-07,2.641950367300296e-07,0,2,0,1,0,1,0,0,0,-1.8596889533744417e-06,,,,,,1,,5,,,6.190698930202626e-07,,,,,
325,00325_particles,particles,256,256,5e-05,1.0887906585175529e-06,2.4386252764655705e-07,1.0430673432374208e-06,0,2,1,0,1,0,0,0,0,,,,,,60,,,,,1.6966890900848748e-07,,,2.8765398001220264e-06,-1.9984279744133998e-06,,
326,00326_lattice,lattice,256,256,5e-06,2.1398477657377993e-07,5.349893983524077e-08,1.7031547610135883e-07,1,4,1,1,0,0,0,1,1,-8.090651976715172e-07,4.955449556126987e-08,2.629,19.098,1.2381267888457612e-08,,,,,,,,,2.178096579587271e-07,-4.026981211150916e-07,45.47,10.69
327,00327_particles,particles,256,256,2e-05,1.1051654607748372e-06,1.932618924666683e-07,2.389089264778841e-07,0,2,0,1,0,1,0,0,0,1.1622183262557856e-06,,,,,11,3,,,,,4.362519367916692e-07,,,,,
328,00328_terraces,terraces,256,256,2e-05,3.3252777917160905e-07,5.711290065920725e-08,1.4750150264928555e-07,0,3,0,1,1,0,1,0,0,-7.82790761759331e-07,,,,,,,18,6,,1.0277548595822446e-07,,5.458880519130134e-07,,,,
329,00329_lattice,lattice,256,256,5e-06,1.2520800900910461e-06,3.1319202243935963e-07,5.374736480325988e-07,1,5,0,1,1,0,1,1,1,-2.6108523561796055e-07,5.675648975983333e-07,120.013,13.07,6.048661959650614e-08,,,18,,,3.9410970461449254e-08,,6.2387660593318575e-06,,,40.36,20.78
330,00330_terraces,terraces,256,256,5e-05,5.775997515592273e-07,1.0294077671136587e-07,2.1285110227251896e-07,0,4,0,1,1,1,0,1,0,-1.5245076141442858e-06,2.1354226183174833e-07,31.435,21.479,,,11,,6,,2.129326041638464e-08,2.2951790994999795e-07,,,,,
331,00331_particles,particles,256,256,1e-05,1.0945381507724318e-06,1.901777572881118e-07,1.9296828936886916e-07,0,1,0,0,0,0,1,0,0,,,,,,49,,19,,,,,1.9692828445433436e-06,,,,
332,00332_terraces,terraces,256,256,5e-05,7.377164193316407e-07,1.1849392748989751e-07,1.1945048996728505e-07,0,1,0,0,0,0,1,0,0,,,,,,,,6,6,,,,1.6185479548481613e-06,,,,
333,00333_rough,rough,256,256,5e-05,1.0572170236373722e-06,1.472899966024087e-07,4.198628258614906e-07,0,2,1,0,0,0,0,0,1,,,,,7.547052930721657e-08,,,,,2.706,,,,-1.2035363491220776e-06,2.4248108543095004e-07,,
334,00334_smooth,smooth,256,256,5e-06,9.872994746850712e-07,2.1181944351213276e-07,5.027363753917267e-07,0,2,0,1,1,0,0,0,0,-3.06101757205398e-06,,,,,,,,,,2.637481812578907e-07,,,,,,
335,00335_terraces,terraces,256,256,2e-05,1.7123968690027692e-07,3.312922098361962e-08,1.9148688809550216e-07,0,4,1,0,1,0,0,1,1,,8.197215947797533e-08,160.413,5.234,5.050169326851018e-09,,,,3,,5.481316150605894e-08,,,-4.989439962902186e-07,-3.437430263575292e-07,,
336,00336_terraces,terraces,256,256,5e-05,1.2178133436071867e-06,2.1327015570881076e-07,4.5093845253305375e-07,0,2,1,0,0,0,0,1,0,,3.816323975595397e-07,6.891,22.578,,,,,4,,,,,1.2374681889054297e-07,-1.1549120762883522e-06,,
337,00337_lattice,lattice,256,256,1e-05,8.965316192374221e-07,2.2408665057491796e-07,3.206822522697007e-07,1,5,0,1,1,1,0,1,1,1.1283613495677568e-06,1.825689789076267e-07,75.532,27.296,7.663301501605297e-08,,2,,,,1.1367194796865503e-07,3.334585357449861e-07,,,,17.77,23.57
338,00338_smooth,smooth,256,256,2e-05,9.524313500280836e-07,2.2645879322459943e-07,3.750072379911966e-07,0,1,0,0,0,0,0,1,0,,4.0494846964106756e-07,130.753,9.979,,,,,,,,,,,,,
339,00339_grating,grating,256,256,5e-06,6.618601573251321e-07,2.9041585787647336e-07,3.57279976659739e-07,1,4,1,0,0,1,1,0,1,,,,,5.988579853746372e-08,,6,18,,,,5.430257012143798e-07,1.4259315949459903e-06,-3.99277537075098e-07,5.415161852555278e-07,158.22,9.18
340,00340_rough,rough,256,256,5e-06,9.479720840550194e-07,1.5301587531526166e-07,3.903253451104968e-07,0,2,0,0,0,0,0,1,1,,4.666212575585907e-07,78.499,4.178,1.010117097661313e-07,,,,,3.149,,,,,,,
341,00341_rough,rough,256,256,5e-06,5.092738900850696e-07,7.402702295739651e-08,2.0210439286403715e-07,0,3,0,0,1,0,0,1,1,,5.391061192793883e-08,74.115,9.068,6.853839443664591e-08,,,,,2.398,1.7230931786684613e-07,,,,,,
342,00342_rough,rough,256,256,5e-06,8.506654043379887e-07,1.5403231846982607e-07,5.467327375942446e-07,0,3,1,1,0,0,0,0,1,5.334701044613995e-07,,,,9.354287880268855e-08,,,,,3.339,,,,-1.5743047057127153e-06,-1.1351713217071784e-07,,
343,00343_terraces,terraces,256,256,2e-05,1.2708827948690618e-06,2.0211771641099758e-07,2.970240827929973e-07,0,3,1,0,1,0,0,0,1,,,,,1.7777299709301843e-07,,,,5,,9.66760502800755e-08,,,-1.1249979870409724e-07,1.542041392735486e-08,,
344,00344_lattice,lattice,256,256,1e-05,4.327676729222473e-07,1.0816264057570069e-07,1.2560402878330173e-07,1,2,0,0,1,1,0,0,0,,,,,,,9,,,,4.572228287299368e-08,2.603612452105026e-07,,,,43.34,18.58
345,00345_smooth,smooth,256,256,5e-06,3.6583256526292514e-07,8.424239595502609e-08,1.3936408263987856e-07,0,3,0,1,0,0,1,1,0,6.522662560441992e-07,1.1413078255100055e-07,146.9,29.888,,,,7,,,,,1.5703394768478807e-06,,,,
346,00346_lattice,lattice,256,256,1e-05,5.78717156723465e-07,1.4468662264059925e-07,2.7346032773658513e-07,1,3,1,0,1,0,0,1,0,,5.3623744474687205e-08,140.903,17.136,,,,,,,4.2683740557774554e-08,,,-7.745241172522317e-07,7.202679252208632e-08,77.21,14.75
347,00347_terraces,terraces,256,256,2e-05,6.615635709423096e-07,1.2440820091395842e-07,2.662344924417871e-07,0,2,0,1,0,1,0,0,0,2.1046999980628843e-06,,,,,,10,,3,,,4.2226015584774515e-07,,,,,
348,00348_rough,rough,256,256,2e-05,2.205993787973756e-07,2.816546659971769e-08,9.998108463931195e-08,0,4,0,1,0,1,1,1,0,-3.7648391024975565e-07,1.0344410954077387e-07,154.731,10.951,,,12,18,,2.113,,1.7667029324920174e-07,1.1317533288596525e-06,,,,
349,00349_particles,particles,256,256,5e-06,4.974087702998652e-07,6.749395268420539e-08,2.816408640131316e-07,0,6,1,1,1,0,1,1,1,-1.5225017192649147e-06,1.9501769997695343e-07,55.94,18.254,1.5557559458617057e-08,11,,9,,,1.4646560635419724e-07,,9.191891709664483e-07,2.3629856842769826e-07,-1.4744239705183293e-07,,
350,00350_rough,rough,256,256,1e-05,5.726615162073736e-07,9.279167464485617e-08,1.1470715081499657e-07,0,2,0,1,0,0,0,0,1,2.0332901895922494e-08,,,,6.63379813154529e-08,,,,,2.988,,,,,,,
351,00351_grating,grating,256,256,2e-05,8.055149976948308e-07,3.5752532452166274e-07,6.70972977946342e-07,1,4,1,0,1,1,1,0,0,,,,,,,6,31,,,1.50129581519305e-07,1.8874266692653344e-07,4.6615555604591165e-06,4.6617597752026937e-07,1.8143037398090876e-06,120.64,9.08
352,00352_lattice,lattice,256,256,5e-06,4.825880827599983e-07,1.2062354214493805e-07,1.4241056614336467e-07,1,3,0,1,0,0,0,1,1,5.022581819461554e-07,5.918885411306796e-08,139.764,21.928,3.1385400993360736e-08,,,,,,,,,,,24.75,21.61
353,00353_grating,grating,256,256,1e-05,1.2773152269821082e-06,5.503460321833257e-07,8.571138165764543e-07,1,4,1,1,0,0,1,0,1,-6.783461414524429e-07,,,,1.3697307034724294e-07,,,27,,,,,5.3240944438815155e-06,-7.858554132184697e-07,2.0521722383381897e-06,107.24,24.75
354,00354_terraces,terraces,256,256,5e-06,2.5189724735668244e-07,4.3118666967172127e-08,2.2789785796841423e-07,0,4,1,1,0,1,0,1,0,-1.650152763887498e-07,7.048420712858988e-08,52.424,5.172,,,7,,5,,,2.0985316948722973e-07,,5.47328758125874e-07,-5.170012456852477e-07,,
355,00355_grating,grating,256,256,5e-06,9.540746007779882e-07,4.201196659402263e-07,5.224817972973427e-07,1,2,0,1,0,0,0,0,1,2.713571711452832e-06,,,,1.26360227631739e-07,,,,,,,,,,,6.72,11.97
356,00356_lattice,lattice,256,256,2e-05,5.632612410078716e-07,1.4082116133431132e-07,2.3354634585803217e-07,1,4,1,1,1,0,0,1,0,9.640926424011874e-07,1.4615677037364345e-07,39.364,23.7,,,,,,,4.0159954493853966e-08,,,-3.550458267429413e-07,-1.0473494339927725e-07,8.75,19.05
357,00357_smooth,smooth,256,256,5e-05,1.2511255387197026e-06,2.909870463555663e-07,6.210727655885808e-07,0,4,1,0,1,0,1,1,0,,5.5848612142012917e-08,35.289,17.301,,,,2,,,2.543552639220373e-07,,5.4892478350840255e-06,2.2173814244863397e-06,-9.291634785516923e-07,,
358,00358_terraces,terraces,256,256,5e-06,1.2180728541875856e-06,1.7644278631551665e-07,2.3358175016068009e-07,0,2,0,0,1,1,0,0,0,,,,,,,11,,6,,2.4916233539661424e-08,1.1788744927484373e-06,,,,,
359,00359_lattice,lattice,256,256,5e-06,1.0964421065643652e-06,2.741189955433179e-07,9.622924953237602e-07,1,4,1,1,1,0,0,1,0,4.070490904572426e-06,6.409458471622232e-08,153.876,3.292,,,,,,,2.2556244162430913e-07,,,-7.907019717876755e-08,2.736402333736449e-06,61.87,18.47
360,00360_lattice,lattice,256,256,1e-05,9.819308125377228e-07,2.4748837286277196e-07,9.338960386033137e-07,1,4,1,0,1,1,0,1,0,,3.891228024549449e-07,168.678,6.762,,,11,,,,5.801251262774577e-08,5.320226766484177e-07,,2.244982179406484e-06,1.911428589239995e-06,60.44,20.28
361,00361_grating,grating,256,256,1e-05,1.9921548069081177e-07,8.887778074897973e-08,8.936724138396751e-08,1,1,0,0,0,0,0,1,0,,1.2537763986706116e-08,98.356,10.39,,,,,,,,,,,,118.4,23.83
362,00362_lattice,lattice,256,256,1e-05,3.177527117837072e-07,7.943141372728673e-08,7.943141372728673e-08,1,0,0,0,0,0,0,0,0,,,,,,,,,,,,,,,,34.37,13.21
363,00363_grating,grating,256,256,2e-05,1.1606129372909359e-06,5.107086951917763e-07,1.0921150634216731e-06,1,4,1,1,1,1,0,0,0,-1.946959478682641e-06,,,,,,10,,,,1.0054755409411529e-07,1.2709418969198311e-06,,1.4268438467462842e-06,2.8564528131753328e-06,4.8,8.53
364,00364_smooth,smooth,256,256,5e-05,5.378994918010585e-07,1.1628797454551737e-07,1.553995342551321e-07,0,3,0,1,0,1,1,0,0,-3.279846164810182e-08,,,,,,12,15,,,,5.454158515857852e-07,2.7161472216878003e-06,,,,
365,00365_particles,particles,256,256,2e-05,5.436735418808488e-07,8.343907750670102e-08,1.269109269086507e-07,0,3,0,1,1,0,0,0,1,-4.268824586419886e-08,,,,5.722572691273168e-08,32,,,,,6.542281099554792e-08,,,,,,
366,00366_smooth,smooth,256,256,5e-06,1.2322104821936374e-06,2.5758745333598016e-07,7.105696042762422e-07,0,4,1,0,0,0,1,1,1,,5.363296497928569e-07,145.9,20.344,4.380452321672745e-08,,,16,,,,,2.345289764046355e-06,8.592800174946854e-07,-2.715222138545348e-06,,
367,00367_rough,rough,256,256,1e-05,8.023503985896354e-07,1.2492099235354844e-07,1.6736521330379493e-07,0,2,0,0,0,1,1,0,0,,,,,,,12,34,,2.989,,3.753525855696104e-07,3.8070113032673547e-06,,,,
368,00368_lattice,lattice,256,256,1e-05,7.841052869733552e-07,1.9603919974573223e-07,5.222184112283773e-07,1,3,1,0,0,1,0,1,0,,2.0203670099281107e-07,163.908,28.252,,,9,,,,,3.8026541026871493e-07,,-1.1144736678492214e-06,-1.1351959517357972e-06,61.63,20.5
369,00369_grating,grating,256,256,5e-06,1.0929615577839438e-06,4.7015511921114467e-07,4.731356937368298e-07,1,1,0,0,0,0,0,0,1,,,,,5.5375359000222846e-08,,,,,,,,,,,34.62,11.19
370,00370_terraces,terraces,256,256,1e-05,1.00063390845723e-06,1.5050323601453648e-07,8.82572634506771e-07,0,3,1,1,1,0,0,0,0,1.0986287530508581e-06,,,,,,,,5,,2.197790417683441e-07,,,1.668876212369968e-06,2.431881883474985e-06,,
371,00371_particles,particles,256,256,5e-05,4.1962046887417283e-07,7.470595143198997e-08,1.2079849542674535e-07,0,4,0,0,1,0,1,1,1,,7.974444044461052e-08,127.623,26.884,6.283886068530051e-08,43,,37,,,3.6586285770658225e-08,,9.369419740676454e-07,,,,
372,00372_smooth,smooth,256,256,1e-05,5.311587414201194e-07,1.1231933023783393e-07,3.532164296895748e-07,0,6,1,0,1,1,1,1,1,,1.894520832940198e-07,159.686,20.813,5.129275520830552e-08,,11,6,,,2.662259632315844e-08,3.5724101049803e-07,7.574801227008125e-07,6.681632802518687e-07,3.018695213434581e-07,,
373,00373_lattice,lattice,256,256,5e-05,1.2038469566167707e-06,3.0100435789803226e-07,3.4546080494631863e-07,1,2,0,0,0,1,1,0,0,,,,,,,12,21,,,,7.685605806677044e-07,6.195485178119092e-06,,,22.48,11.01
374,00374_lattice,lattice,256,256,1e-05,7.853673791739437e-07,1.9634671774832162e-07,2.570977273964874e-07,1,3,0,0,1,1,0,0,1,,,,,5.722738342180758e-08,,10,,,,1.1182786962696781e-07,8.961371567203653e-07,,,,47.66,13.54
375,00375_lattice,lattice,256,256,5e-06,3.2280435177358006e-07,8.069589453938589e-08,2.931428085057246e-07,1,4,1,0,0,1,0,1,1,,8.569947882090596e-08,14.852,12.375,2.6281579322138235e-08,,2,,,,,2.4335211907893656e-07,,-8.957655293342175e-07,-3.031054992269808e-07,74.92,17.18
376,00376_terraces,terraces,256,256,5e-06,1.0841648922151528e-06,1.5283240845099613e-07,1.055763037454671e-06,0,3,1,0,1,1,0,0,0,,,,,,,3,,5,,2.8564918103633884e-07,3.807786209985188e-07,,2.0870286062729363e-06,2.6211355863746993e-06,,
377,00377_grating,grating,256,256,1e-05,5.037618112619152e-07,2.1702453200009293e-07,3.0537348925267225e-07,1,4,1,1,0,1,1,0,0,6.890561688170216e-07,,,,,,3,29,,,,1.089927478605731e-07,2.1117336964166495e-06,6.785020392037774e-07,-8.752728388250016e-08,64.79,35.11
378,00378_grating,grating,256,256,5e-06,1.289836776841309e-06,5.678701260412195e-07,6.601540700808852e-07,1,2,1,0,0,1,0,0,0,,,,,,,8,,,,,1.4698834511083606e-06,,-1.313104431711197e-07,-8.148363993905833e-07,43.65,15.76
379,00379_terraces,terraces,256,256,1e-05,8.887422381178879e-07,2.189082898521353e-07,2.347464191668271e-07,0,3,0,0,0,0,1,1,1,,1.0265025198514477e-07,124.897,20.37,4.6798988045849997e-08,,,1,2,,,,2.6217867749831254e-06,,,,
380,00380_lattice,lattice,256,256,1e-05,9.33396154594586e-07,2.3339351426044587e-07,2.3339351426044587e-07,1,0,0,0,0,0,0,0,0,,,,,,,,,,,,,,,,9.17,16.74
381,00381_rough,rough,256,256,5e-06,4.837092621340587e-07,8.076023499211323e-08,2.1925503789220425e-07,0,3,0,1,1,0,0,0,1,1.6270371433731902e-06,,,,3.970290785968749e-08,,,,,2.682,1.0983691429253819e-07,,,,,,
382,00382_lattice,lattice,256,256,1e-05,8.975985934387598e-07,2.2440438219984282e-07,2.4152021762380996e-07,1,1,0,0,0,0,1,0,0,,,,,,,,32,,,,,4.0248134768468e-06,,,30.13,20.92
383,00383_particles,particles,256,256,2e-05,1.3583107183259166e-06,2.0871210761570398e-07,5.038773189616168e-07,0,5,0,1,0,1,1,1,1,-1.0531096250646525e-06,5.159406415045659e-07,175.956,23.889,1.6758586154689521e-07,11,2,28,,,,1.3102043785214176e-06,7.256648998262955e-06,,,,
384,00384_rough,rough,256,256,2e-05,6.173299510467959e-07,7.689971352579166e-08,1.0634518418659405e-07,0,2,0,0,1,0,0,1,0,,9.624434944413788e-08,138.175,6.848,,,,,,2.386,2.085194542602306e-08,,,,,,
385,00385_terraces,terraces,256,256,2e-05,1.1552105990480954e-06,1.710585920564082e-07,4.910585034575036e-07,0,3,1,0,0,0,1,1,0,,2.627725980441843e-07,39.617,9.861,,,,19,6,,,,5.380380333347156e-06,4.707707991734589e-07,1.3772360286070903e-06,,
386,00386_lattice,lattice,256,256,1e-05,7.358032077558242e-07,1.8396160569522758e-07,6.02398994883561e-07,1,2,1,0,1,0,0,0,0,,,,,,,,,,,1.814057677281526e-07,,,6.147581480279259e-08,-1.8807959834300475e-06,25.88,11.17
387,00387_rough,rough,256,256,5e-06,1.0384918306591093e-06,2.2183686426817536e-07,2.6870998682708694e-07,0,2,0,0,0,1,0,0,1,,,,,1.306031185976067e-07,,2,,,3.466,,1.0078823602730037e-06,,,,,
388,00388_grating,grating,256,256,5e-05,2.6280972287299155e-07,1.172953268675461e-07,1.7037947301484586e-07,1,3,1,0,1,0,0,0,1,,,,,3.791758322894441e-08,,,,,,4.931776433613617e-08,,,2.495419577728709e-07,2.4506898799441736e-07,125.8,28.65
389,00389_particles,particles,256,256,1e-05,1.2330943549628894e-07,1.3054297469723876e-08,9.022291017872946e-08,0,6,1,0,1,1,1,1,1,,1.5137719794378957e-08,115.711,23.594,8.451130869942934e-09,13,1,6,,,3.89376509771049e-09,4.490337412361869e-08,4.6977589042927496e-07,-1.5187522743806853e-07,-2.714303369859476e-07,,
390,00390_rough,rough,256,256,5e-06,6.717324723476991e-07,1.2491737850572152e-07,1.9448812248167072e-07,0,2,0,0,0,0,0,1,1,,1.7928524446578095e-07,64.465,27.385,7.528785117918224e-08,,,,,3.284,,,,,,,
391,00391_grating,grating,256,256,2e-05,8.422157727935565e-08,3.6562193390914293e-08,6.082445757703754e-08,1,3,1,0,0,1,1,0,0,,,,,,,8,18,,,,1.4366461694454728e-08,2.0550571487760187e-07,1.6719857938166994e-07,-1.3635452596935544e-08,151.12,21.8
392,00392_particles,particles,256,256,5e-06,8.479190820615112e-07,9.97104205839517e-08,8.114583295931904e-07,0,3,1,0,0,0,1,1,0,,1.486899237775017e-07,158.707,8.481,,15,,4,,,,,4.978549835851858e-06,-2.027668636296437e-06,-1.8148845340123754e-06,,
393,00393_grating,grating,256,256,1e-05,8.946586739641649e-07,3.9994500186662313e-07,8.941187748911748e-07,1,2,1,0,0,0,0,1,0,,1.3942365312644228e-07,30.14,6.605,,,,,,,,,,-1.305228065803377e-06,2.430440170642713e-06,113.19,31.18
394,00394_terraces,terraces,256,256,5e-05,3.80392507409813e-07,7.003825516659048e-08,1.385047352607301e-07,0,2,0,0,0,0,1,1,0,,1.554412822580261e-07,7.555,20.291,,,,38,6,,,,1.9788956745738483e-06,,,,
395,00395_terraces,terraces,256,256,2e-05,7.617119685840927e-07,1.3716341260139835e-07,1.5649875615573296e-07,0,1,0,0,0,0,1,0,0,,,,,,,,24,4,,,,3.883416838326865e-06,,,,
396,00396_smooth,smooth,256,256,1e-05,6.603668978806081e-07,1.4419962386117646e-07,2.2986992297078405e-07,0,2,1,0,0,0,0,0,1,,,,,5.831292109868397e-08,,,,,,,,,9.164511845006793e-07,-7.662866321296857e-07,,
397,00397_rough,rough,256,256,5e-05,7.987292098339551e-07,1.4715835437461008e-07,3.268448815072888e-07,0,2,0,0,1,0,0,1,0,,1.8138288944969185e-07,141.329,3.248,,,,,,3.373,2.687752881983182e-07,,,,,,
398,00398_terraces,terraces,256,256,2e-05,1.151087313727907e-06,2.0210886788975419e-07,3.192926244249522e-07,0,4,0,1,1,1,1,0,0,-3.102703970463921e-07,,,,,,4,12,5,,2.040859926132374e-07,3.5690109439560073e-07,6.846625419168042e-06,,,,
399,00399_terraces,terraces,256,256,5e-06,7.527556498286625e-07,1.4428621484131522e-07,4.3260809011234586e-07,0,3,1,1,0,0,1,0,0,2.2692393235427595e-06,,,,,,,34,3,,,,2.316452168953669e-06,2.2027244937343283e-07,1.1717712072522043e-06,,
400,00400_lattice,lattice,256,256,2e-05,1.27066022379321e-06,3.17632492623006e-07,9.678374468982763e-07,1,4,1,1,0,1,0,1,0,-2.883507857310029e-06,3.2112575163889245e-07,53.061,8.027,,,7,,,,,7.96371359193958e-07,,-1.5906659339469609e-06,-2.409086468891248e-06,29.72,18.3
401,00401_lattice,lattice,256,256,5e-05,1.2946174435663187e-06,3.2386994446263284e-07,8.523891063575058e-07,1,2,1,0,0,0,1,0,0,,,,,,,,40,,,,,6.823569147449055e-06,-5.9497719595613644e-08,-2.6500820245108132e-06,37.98,25.74
402,00402_rough,rough,256,256,5e-06,1.1208254132822133e-06,1.3939132630046164e-07,1.0330196854138936e-06,0,3,1,0,0,1,0,1,0,,4.319825998299112e-07,82.034,12.023,,,6,,,2.137,,1.1828081483736788e-06,,-9.623041921847333e-07,-3.227232854806534e-06,,
403,00403_grating,grating,256,256,5e-05,9.517466041808026e-07,4.2799617465801285e-07,5.417978956131443e-07,1,4,0,1,1,1,0,0,1,2.4934669694304455e-06,,,,1.307031149787734e-07,,8,,,,1.0108579569682917e-07,9.891200615462988e-07,,,,104.77,31.9
404,00404_terraces,terraces,256,256,1e-05,2.117423745274921e-07,3.312073956630167e-08,1.721793550197218e-07,0,4,1,1,1,0,1,0,0,-4.076015903949939e-07,,,,,,,12,5,,5.91691886227719e-08,,1.043376604561996e-06,3.658582470503541e-07,-3.7976921676825135e-07,,
405,00405_terraces,terraces,256,256,1e-05,4.980140400036923e-07,1.240117359995801e-07,1.2515065320263926e-07,0,1,0,0,0,1,0,0,0,,,,,,,10,,2,,,1.4726527804514526e-07,,,,,
406,00406_particles,particles,256,256,5e-05,8.594038745479224e-07,1.727485961487616e-07,3.020924850210424e-07,0,2,0,1,0,0,1,0,0,-1.989138382646151e-06,,,,,59,,17,,,,,3.9510578162918795e-06,,,,
407,00407_grating,grating,256,256,2e-05,9.504985859041234e-07,4.2208972355831403e-07,4.357838978620939e-07,1,2,0,1,0,0,0,0,1,-9.317387680964909e-07,,,,4.989320247201269e-08,,,,,,,,,,,173.62,25.35
408,00408_smooth,smooth,256,256,2e-05,5.309731634937003e-07,1.1486373169274089e-07,1.2425059370089033e-07,0,1,0,0,0,1,0,0,0,,,,,,,8,,,,,4.209385158371054e-07,,,,,
409,00409_smooth,smooth,256,256,5e-05,5.880403779429457e-07,1.2309839416196758e-07,2.69872452148094e-07,0,5,0,1,0,1,1,1,1,1.6742052896800995e-06,9.037204921188103e-08,157.249,7.447,8.280199841649095e-08,,4,37,,,,6.058245634865603e-07,1.990284551028132e-06,,,,
410,00410_terraces,terraces,256,256,1e-05,3.8006725962488934e-07,9.462518757387217e-08,2.5041818870543374e-07,0,5,0,1,1,1,1,1,0,1.4856957470827805e-06,1.1429205700134793e-07,141.073,19.708,,,2,4,2,,1.1588980230380409e-07,3.967862666958521e-07,2.2672098494298414e-06,,,,
411,00411_lattice,lattice,256,256,5e-06,1.3281267904203657e-06,3.320874446198645e-07,4.769260470820292e-07,1,4,0,0,1,1,1,1,0,,3.5576844601266864e-07,20.329,17.798,,,7,6,,,1.896964177478919e-07,7.603110172521678e-07,7.77437000408372e-06,,,54.76,11.15
412,00412_particles,particles,256,256,1e-05,8.276514486411747e-07,1.511089205291501e-07,7.005154693814615e-07,0,4,1,1,0,0,1,1,0,1.6861935881640398e-07,3.856801534987148e-07,40.22,8.582,,21,,18,,,,,3.133432623462097e-06,-1.9466530974351576e-06,1.1073319708448447e-06,,
413,00413_lattice,lattice,256,256,2e-05,1.3348365634359002e-06,3.3372311130446505e-07,5.162274351355662e-07,1,3,0,0,1,0,1,1,0,,4.083951507750995e-07,5.314,4.397,,,,5,,,2.489601064480163e-07,,4.664577820279115e-06,,,45.2,10.76
414,00414_grating,grating,256,256,1e-05,6.96066831223201e-07,3.067263339361221e-07,4.796840045202889e-07,1,5,1,0,1,0,1,1,1,,1.6622402943577907e-07,35.068,24.897,5.061916766796085e-08,,,1,,,1.014945725613998e-07,,1.1470063418277517e-06,-9.750066630064094e-07,-6.125712262051933e-07,51.1,36.64
415,00415_lattice,lattice,256,256,2e-05,4.85984647105871e-07,1.214971315783149e-07,3.7942443007682633e-07,1,5,1,0,1,1,0,1,1,,2.2802222737984706e-07,119.082,11.343,2.5577919066878492e-08,,6,,,,3.209686941418738e-08,1.4515387946895925e-07,,1.1023736940919394e-06,-5.9623248104967185e-09,72.16,11.07
416,00416_grating,grating,256,256,1e-05,1.3716205751977984e-06,6.140078614850933e-07,1.29372332331376e-06,1,3,1,1,0,0,0,1,0,1.0366827805565146e-06,6.312711372352262e-07,30.277,9.499,,,,,,,,,,3.1169567585337862e-06,-1.8048016017264543e-06,117.46,22.18
417,00417_particles,particles,256,256,2e-05,1.2636606243650322e-06,2.2127619631483857e-07,6.505248033314152e-07,0,5,0,1,1,1,0,1,1,-3.4706772862203307e-06,4.121805662729305e-07,59.17,26.008,8.421494125571353e-08,24,1,,,,2.662634122840602e-07,1.049154769331369e-06,,,,,
418,00418_rough,rough,256,256,1e-05,1.3003963544958086e-06,2.1963621422243618e-07,2.2205335383537393e-07,0,1,0,0,0,0,0,0,1,,,,,3.2949025478539434e-08,,,,,3.036,,,,,,,
419,00419_grating,grating,256,256,5e-06,5.607754534616433e-07,2.3742540887567692e-07,3.9727308369548157e-07,1,3,0,1,1,0,0,1,0,-2.040110413450749e-06,2.3769867655879992e-07,60.458,25.65,,,,,,,1.9211422414645103e-07,,,,,56.15,28.82
420,00420_terraces,terraces,256,256,1e-05,7.39804264722409e-07,1.3351564921833731e-07,6.2739669983302e-07,0,3,1,1,1,0,0,0,0,6.324218226812208e-07,,,,,,,,4,,4.6703618870051177e-08,,,-1.1506197466728418e-06,1.5954409789566667e-06,,
421,00421_rough,rough,256,256,1e-05,3.083822832030191e-07,3.93529923581392e-08,1.3059268304016185e-07,0,2,1,1,0,0,0,0,0,3.26434974886235e-08,,,,,,,,,2.082,,,,-3.0196646798706427e-07,3.4727141076010407e-07,,
422,00422_smooth,smooth,256,256,1e-05,8.534263691189036e-07,2.1480274045957642e-07,1.1537495126627936e-06,0,2,1,0,0,0,1,0,0,,,,,,,,11,,,,,3.5773351653495426e-06,2.298391777941649e-06,-2.488601376311333e-06,,
423,00423_particles,particles,256,256,1e-05,1.8649790329428294e-07,3.3085413304691996e-08,6.145888352154292e-08,0,2,0,1,0,0,0,1,0,5.005065412690794e-07,2.213765237053015e-08,29.18,9.218,,11,,,,,,,,,,,
424,00424_grating,grating,256,256,2e-05,9.335312081542979e-07,4.06040998306463e-07,4.964454804829571e-07,1,2,0,0,0,0,1,1,0,,3.7452669364030145e-07,142.582,4.992,,,,26,,,,,3.759997553495783e-06,,,41.24,39.42
425,00425_smooth,smooth,256,256,5e-06,3.5880335853246695e-07,7.678079596954298e-08,2.1003853659153706e-07,0,1,1,0,0,0,0,0,0,,,,,,,,,,,,,,4.857095013123146e-07,-3.3168081996735506e-07,,
426,00426_particles,particles,256,256,5e-06,3.983319113788478e-07,8.05071367788981e-08,8.11156996950391e-08,0,1,0,1,0,0,0,0,0,-1.9552565359858887e-08,,,,,42,,,,,,,,,,,
427,00427_grating,grating,256,256,5e-05,1.305948066284211e-06,5.622118227998767e-07,1.3076878244423067e-06,1,6,1,1,1,1,1,0,1,4.718288963706328e-06,,,,1.2217056734321265e-07,,9,31,,,5.390968984776319e-08,1.2197175939464665e-06,4.968854661697795e-06,1.50648802372683e-06,-3.2168847915457163e-06,134.66,8.44
428,00428_grating,grating,256,256,5e-06,3.478153579956705e-07,1.4932522991563738e-07,1.5141412615620544e-07,1,1,0,0,0,0,0,0,1,,,,,2.46199445239678e-08,,,,,,,,,,,64.13,14.34
429,00429_terraces,terraces,256,256,2e-05,4.873173855980194e-07,8.463795572480849e-08,8.952002890293604e-08,0,1,0,0,0,1,0,0,0,,,,,,,3,,6,,,3.5594027054745907e-07,,,,,
430,00430_lattice,lattice,256,256,5e-06,4.013773481565923e-07,1.0034618101474487e-07,4.0593499506990896e-07,1,2,1,0,0,0,1,0,0,,,,,,,,15,,,,,9.451994210112117e-07,-8.185624179613207e-07,1.0911180964356394e-06,35.48,14.26
431,00431_particles,particles,256,256,5e-05,4.3817490821120123e-07,8.229217904294069e-08,8.296503894085512e-08,0,1,0,0,0,1,0,0,0,,,,,,51,2,,,,,1.946004252301752e-07,,,,,
432,00432_terraces,terraces,256,256,5e-05,2.7253633336016356e-07,4.119133213808442e-08,1.072047850039354e-07,0,1,0,0,0,0,0,1,0,,1.3309715103417686e-07,0.08,7.685,,,,,6,,,,,,,,
433,00433_grating,grating,256,256,1e-05,1.1385249526386117e-06,5.014914330676642e-07,5.371866023444355e-07,1,3,0,1,0,0,1,1,0,3.2382733200207636e-07,2.2605462072918657e-07,12.915,6.022,,,,35,,,,,4.008434549131084e-06,,,85.68,12.89
434,00434_lattice,lattice,256,256,1e-05,6.741896940842141e-07,1.6854313850769135e-07,2.4898153200930433e-07,1,4,1,1,1,0,0,0,1,1.0867818049050492e-06,,,,6.17682513429329e-08,,,,,,6.172585933716412e-08,,,3.1609587578215774e-07,2.1378940052524336e-07,49.38,12.08
435,00435_particles,particles,256,256,1e-05,5.154530089750698e-07,9.334863412491933e-08,2.2447708834792003e-07,0,1,0,1,0,0,0,0,0,1.9966833829472636e-06,,,,,50,,,,,,,,,,,
436,00436_smooth,smooth,256,256,5e-06,1.3920870156436012e-06,3.0230649889568156e-07,1.0199657360510674e-06,0,2,1,0,0,0,1,0,0,,,,,,,,16,,,,,1.7212272492934518e-06,-4.309216163390479e-09,3.2764641268099973e-06,,
437,00437_grating,grating,256,256,5e-05,7.942622610856935e-07,3.468644599268432e-07,4.7398562393620617e-07,1,5,0,1,1,1,0,1,1,-1.5306544878364971e-06,3.226244813223469e-07,115.942,19.375,7.685647711185187e-08,,8,,,,1.1646553059689105e-07,1.5778759740752574e-07,,,,173.34,28.81
438,00438_lattice,lattice,256,256,5e-06,3.809300123898161e-07,9.519994748425507e-08,2.426554437265635e-07,1,5,1,1,0,0,1,1,1,-7.245442319887857e-07,1.028905882715486e-07,179.991,23.309,4.54202530208893e-08,,,8,,,,,2.087865478559987e-06,-5.528068172815175e-07,-3.814432454348628e-07,2.59,10.73
439,00439_lattice,lattice,256,256,5e-05,1.1738268768339937e-06,2.935438048312698e-07,3.417246277789913e-07,1,2,0,0,0,1,0,0,1,,,,,1.4732624374028876e-07,,5,,,,,6.935734957068314e-07,,,,18.24,10.49
440,00440_rough,rough,256,256,1e-05,1.2059582073981376e-06,1.9207890044648122e-07,8.282954534303961e-07,0,2,1,0,0,0,0,0,1,,,,,1.4765721866965846e-07,,,,,2.665,,,,7.059662369778412e-07,2.4222798447101467e-06,,
441,00441_smooth,smooth,256,256,5e-06,5.211168027902785e-07,1.0983342801120194e-07,1.6813054306035363e-07,0,2,0,0,1,1,0,0,0,,,,,,,12,,,,1.0901345157932086e-07,4.1185757329551314e-07,,,,,
442,00442_lattice,lattice,256,256,5e-06,6.546068802195611e-07,1.6366716115247573e-07,2.0763083543488418e-07,1,3,0,0,1,1,0,0,1,,,,,9.784037473935197e-08,,10,,,,6.805312667695118e-08,2.221345152003586e-07,,,,76.0,14.03
443,00443_smooth,smooth,256,256,2e-05,8.091159305102795e-07,1.742478458026434e-07,1.449726891880482e-07,0,3,1,0,0,0,0,1,1,,1.1561696699958079e-07,137.889,9.354,4.7580928227804434e-08,,,,,,,,,-6.89881198416841e-08,4.810332006673967e-07,,
444,00444_smooth,smooth,256,256,2e-05,1.2663350391887823e-06,2.710303673622745e-07,1.1223800219762594e-06,0,3,1,0,0,1,0,0,1,,,,,1.8493331574291535e-07,,2,,,,,1.2654459636355053e-06,,3.530280961471682e-06,2.9896132963481e-06,,
445,00445_rough,rough,256,256,2e-05,1.17610360807675e-06,2.235113144332656e-07,2.120037814641085e-07,0,1,0,1,0,0,0,0,0,2.7629896832434657e-06,,,,,,,,,3.498,,,,,,,
446,00446_smooth,smooth,256,256,2e-05,1.317902012817524e-06,3.1869888023037965e-07,3.171083211936856e-07,0,1,0,0,1,0,0,0,0,,,,,,,,,,,3.3792241014965586e-08,,,,,,
447,00447_terraces,terraces,256,256,1e-05,8.624301071907982e-08,2.1534219156314795e-08,1.0541653026822238e-07,0,4,1,0,0,1,1,1,0,,2.2947639398760138e-08,178.297,21.817,,,1,19,2,,,4.207224154790622e-08,4.3572015508010816e-07,2.558635272591901e-07,-2.384770964009556e-07,,
448,00448_grating,grating,256,256,2e-05,3.97810632660284e-07,1.7642558751118696e-07,2.041764681458979e-07,1,3,0,1,0,1,1,0,0,9.196090314694972e-07,,,,,,4,8,,,,4.2161080977733584e-07,1.562663508776669e-06,,,91.83,10.48
449,00449_particles,particles,256,256,5e-06,9.999747901018717e-08,1.944856359799858e-08,7.177814980303039e-08,0,2,1,0,1,0,0,0,0,,,,,,25,,,,,2.275650701373727e-08,,,-1.9628802671474835e-07,9.842633803803685e-08,,
450,00450_particles,particles,256,256,5e-05,7.350116694685209e-07,1.1381757265497584e-07,2.4566050511035407e-07,0,2,0,0,0,1,0,1,0,,2.991257164584312e-07,60.073,19.416,,28,7,,,,,4.4507113806424295e-07,,,,,
451,00451_terraces,terraces,256,256,1e-05,2.1809209946661585e-07,4.344461446453332e-08,1.1436143268347437e-07,0,4,0,1,0,0,1,1,1,-6.774043487016131e-07,9.73836500726214e-08,0.602,15.432,5.621459889310096e-09,,,32,3,,,,6.746617544297112e-07,,,,
452,00452_particles,particles,256,256,5e-06,2.620411494422556e-07,5.2863332398439793e-08,2.0725578548665275e-07,0,4,1,0,1,0,0,1,1,,2.5384325931550274e-08,31.16,25.222,3.2009187675485795e-08,42,,,,,1.5895508843561645e-08,,,-3.5913586618156666e-07,6.08967192227129e-07,,
453,00453_terraces,terraces,256,256,5e-05,6.960291985803478e-07,1.0895736762800829e-07,1.2996292950766093e-07,0,1,0,0,0,0,0,1,0,,1.0014748895918211e-07,62.519,6.233,,,,,5,,,,,,,,
454,00454_grating,grating,256,256,1e-05,6.051583055512563e-07,2.683737610281036e-07,3.135843908872468e-07,1,2,0,0,1,1,0,0,0,,,,,,,5,,,,1.4074179403463967e-07,6.962696582428192e-07,,,,17.74,26.09
455,00455_terraces,terraces,256,256,1e-05,3.1670633219649943e-07,7.775458218377665e-08,1.2423314460171314e-07,0,2,0,1,0,1,0,0,0,7.066418382538153e-07,,,,,,6,,2,,,6.555898207634775e-08,,,,,
456,00456_lattice,lattice,256,256,5e-05,5.117672688082882e-07,1.2792772091248937e-07,5.623366651303909e-07,1,5,1,1,1,0,0,1,1,-6.842461052553043e-07,2.3722384357430657e-07,131.683,23.107,4.2252435785762366e-08,,,,,,1.519758764893205e-07,,,-1.3585081112736038e-06,1.1055801539592192e-06,75.43,15.1
457,00457_rough,rough,256,256,5e-05,8.832596404390549e-07,1.0911092658230112e-07,1.7082743193804073e-07,0,2,0,0,0,0,0,1,1,,1.3001300938168204e-07,49.222,4.487,9.359313193439268e-08,,,,,2.192,,,,,,,
458,00458_particles,particles,256,256,5e-05,5.04283085617584e-07,7.677920380320526e-08,9.078598905875112e-08,0,3,0,0,0,0,1,1,1,,4.5677873630327525e-08,56.996,10.7,2.0369531459893954e-08,17,,36,,,,,1.2628042445390022e-06,,,,
459,00459_rough,rough,256,256,1e-05,4.178941089531547e-07,6.685155735054211e-08,1.4969581965161474e-07,0,4,0,1,1,0,1,0,1,-4.5951840125711934e-07,,,,3.166431594809676e-08,,,25,,3.27,1.272898421325049e-07,,1.0088984661672769e-06,,,,
460,00460_rough,rough,256,256,5e-06,1.1004844582896006e-06,1.9948624425820587e-07,7.230601220075379e-07,0,3,1,1,1,0,0,0,0,2.071555336432574e-06,,,,,,,,,3.297,1.5530989119926604e-07,,,1.074104000173834e-06,-1.987418456930765e-06,,
461,00461_particles,particles,256,256,1e-05,1.0970810317677904e-06,2.1131200891352457e-07,9.82759581862894e-07,0,3,1,1,0,1,0,0,0,-1.454439885142203e-06,,,,,49,4,,,,,2.440602991103233e-07,,1.4373845684038413e-06,2.7359077486315356e-06,,
462,00462_smooth,smooth,256,256,5e-06,5.622359945707749e-07,1.4020308416952177e-07,3.001277339285043e-07,0,5,1,0,1,1,1,0,1,,,,,3.228404632931534e-08,,6,23,,,1.0737834900109845e-07,3.5247114846175785e-07,1.2413006968960985e-06,4.3949130956576323e-07,3.8253848451727375e-07,,
463,00463_smooth,smooth,256,256,2e-05,5.512230032017043e-07,1.368308943505156e-07,1.6644447798436135e-07,0,1,0,0,1,0,0,0,0,,,,,,,,,,,1.0936177431533453e-07,,,,,,
464,00464_lattice,lattice,256,256,1e-05,5.251034346366227e-07,1.3129460331154952e-07,1.3491702628873795e-07,1,2,0,1,0,1,0,0,0,-6.118255145937392e-08,,,,,,3,,,,,3.005012044445006e-07,,,,21.29,10.01
465,00465_terraces,terraces,256,256,5e-05,1.3699553889582149e-06,3.4213867257683353e-07,1.4257516557414425e-06,0,6,1,0,1,1,1,1,1,,1.969539037332256e-07,69.298,15.439,1.3796203501517427e-07,,12,34,2,,4.2794307825187954e-07,8.016825168835478e-07,4.17081451641875e-06,-4.0570828337466345e-06,-9.95004355451062e-07,,
466,00466_smooth,smooth,256,256,2e-05,5.205513207088415e-07,1.1426908764223062e-07,1.291290984391542e-07,0,2,0,0,0,1,0,0,1,,,,,5.967624565590512e-08,,3,,,,,1.748807471572091e-07,,,,,
467,00467_smooth,smooth,256,256,1e-05,1.2443805063587901e-06,2.6474396763889987e-07,3.285897668973057e-07,0,3,0,0,1,0,1,1,0,,9.49904236250476e-08,62.678,15.149,,,,14,,,1.3004585419122528e-07,,6.438876085077425e-06,,,,
468,00468_particles,particles,256,256,5e-05,1.097267484301456e-06,1.562293311241143e-07,3.9013007667757927e-07,0,2,0,0,0,0,0,1,1,,4.621263359647392e-07,88.99,16.481,1.4190225900112362e-07,14,,,,,,,,,,,
469,00469_particles,particles,256,256,5e-05,9.396873459162423e-07,1.5286694085930408e-07,1.6012528358015969e-07,0,2,0,0,1,1,0,0,0,,,,,,11,3,,,,2.805366635760203e-08,5.314869695795563e-07,,,,,
470,00470_particles,particles,256,256,1e-05,1.7757075889749596e-07,3.0611957015735165e-08,7.034932488060342e-08,0,3,0,1,1,0,1,0,0,1.4456558363190153e-07,,,,,55,,5,,,6.053458697178829e-08,,8.529266212953503e-07,,,,
471,00471_terraces,terraces,256,256,5e-05,1.2145316295955085e-06,2.2449626983090255e-07,1.0867100856969522e-06,0,3,1,0,0,1,1,0,0,,,,,,,6,12,4,,,1.3387206477000243e-06,2.628863511228117e-06,-3.4261234447913105e-06,-1.0453648449838164e-06,,
472,00472_rough,rough,256,256,2e-05,1.3808202251678431e-06,1.5739616839227318e-07,4.9096887261245e-07,0,4,0,0,1,1,1,0,1,,,,,1.8465192748409612e-07,,5,14,,2.056,4.4637420547226015e-07,8.669011765994998e-07,6.311235194986211e-06,,,,
473,00473_particles,particles,256,256,2e-05,1.391405386313632e-06,2.8561948942616307e-07,1.3280245646419699e-06,0,5,1,1,1,0,0,1,1,4.178997359543686e-06,4.000344655358715e-07,142.283,15.064,1.8459858373994685e-08,34,,,,,3.4231511536937256e-07,,,3.862478337053899e-06,1.857200906192935e-07,,
474,00474_smooth,smooth,256,256,2e-05,5.199107325810807e-07,1.1227345364257358e-07,2.615515105986787e-07,0,4,0,1,0,0,1,1,1,-1.8348136332255488e-06,1.1682414330266683e-07,173.916,17.462,3.944110707361748e-08,,,34,,,,,8.891225523088054e-07,,,,
475,00475_lattice,lattice,256,256,1e-05,1.1942005670590937e-06,2.985469397711535e-07,7.55830358381804e-07,1,2,1,0,0,0,0,0,1,,,,,1.5896423949820317e-07,,,,,,,,,-2.2626775839828844e-06,-6.081550390645068e-07,34.4,14.27
476,00476_rough,rough,256,256,1e-05,1.2838616227197254e-06,1.654248389007611e-07,9.179659693914452e-07,0,6,1,1,0,1,1,1,1,3.498845501804967e-06,5.177706567512662e-07,92.354,24.465,3.157757164344296e-08,,9,1,,2.031,,9.321472752320624e-07,6.433910972764912e-06,-1.6854200007768507e-06,-1.6540361706056327e-06,,
477,00477_particles,particles,256,256,5e-05,2.1523496267280542e-07,2.6719921652167967e-08,1.969045283387345e-07,0,3,1,0,0,1,1,0,0,,,,,,9,3,18,,,,2.4410958979746873e-07,1.1753044623486067e-06,4.016886153163639e-07,5.340604148492731e-07,,
478,00478_lattice,lattice,256,256,5e-05,8.973692419874676e-07,2.24347172054149e-07,3.6911640721291195e-07,1,6,1,1,1,0,1,1,1,9.179138375528342e-07,2.4619819084141544e-07,24.808,6.137,1.0701694946537133e-07,,,1,,,2.735842049283382e-08,,2.5748199475366152e-06,-3.3695213952989496e-07,5.155247646929581e-07,85.38,11.87
479,00479_terraces,terraces,256,256,2e-05,5.222143549377158e-07,9.592065739997003e-08,4.044005405174239e-07,0,4,1,1,1,1,0,0,0,-1.7771807651809175e-06,,,,,,7,,3,,1.5218217983040725e-07,4.4637966088692787e-07,,-1.2230223851835862e-07,-1.226379377479688e-06,,
480,00480_lattice,lattice,256,256,2e-05,7.71519347201756e-07,1.9306427513282004e-07,6.172685362708631e-07,1,2,1,0,0,1,0,0,0,,,,,,,8,,,,,8.955171991295996e-07,,1.145890431140893e-06,1.550330269221718e-06,51.52,13.88
481,00481_grating,grating,256,256,1e-05,4.3988460938885873e-07,1.9166555500133333e-07,2.6251593363235643e-07,1,5,0,1,1,1,0,1,1,1.0390128182825895e-06,1.2242414062022208e-07,171.722,28.566,3.707495177697373e-08,,1,,,,9.604239386322232e-08,2.0572599217218904e-07,,,,142.06,29.28
482,00482_terraces,terraces,256,256,5e-05,9.911512778104988e-07,2.475209170207105e-07,4.4415972104237316e-07,0,4,0,0,1,1,1,1,0,,3.969493729713394e-07,36.243,21.375,,,10,11,2,,1.5612850220116186e-07,9.769958080900089e-07,2.4886312419811347e-06,,,,
483,00483_grating,grating,256,256,5e-06,1.3986987595687338e-06,6.189458041327035e-07,7.736083612733616e-07,1,2,0,0,1,0,0,0,1,,,,,2.062592690460735e-07,,,,,,4.1352031119023077e-07,,,,,130.02,10.33
484,00484_smooth,smooth,256,256,5e-06,2.0463831037524403e-07,4.8998680478809406e-08,2.2260605295091657e-07,0,3,1,0,0,1,0,0,1,,,,,1.5757153077701683e-08,,1,,,,,7.356674573250983e-08,,5.228999221228259e-07,-3.9880834442587767e-07,,
485,00485_particles,particles,256,256,5e-05,7.491241527398422e-07,1.1412524098950657e-07,3.9524001927687326e-07,0,4,0,1,1,1,0,1,0,-1.838877733209736e-06,2.1281478120502196e-07,62.501,26.228,,18,9,,,,2.543195097313021e-07,5.360442869955479e-07,,,,,
486,00486_smooth,smooth,256,256,5e-06,1.2249846370467117e-06,2.565613574584497e-07,4.984222040592727e-07,0,4,1,0,0,1,1,1,0,,2.7877159183159233e-07,159.308,18.013,,,3,12,,,,4.2363366875132294e-07,2.983602167761971e-06,-2.3238537240977274e-06,1.2831817599837428e-07,,
487,00487_grating,grating,256,256,5e-05,1.048652907970581e-06,4.5068286401451425e-07,8.003026949977188e-07,1,2,1,0,0,0,1,0,0,,,,,,,,4,,,,,4.493600092987291e-06,-2.1903006015240207e-06,-6.600598861017575e-07,125.31,18.23
488,00488_particles,particles,256,256,5e-06,6.210063653361638e-07,1.0104190109790206e-07,1.1433310295342726e-07,0,2,0,0,0,1,1,0,0,,,,,,29,5,11,,,,3.406193872885001e-07,3.268005771495697e-06,,,,
489,00489_grating,grating,256,256,1e-05,9.098480117541151e-07,4.029498049171042e-07,4.426540067671239e-07,1,4,0,0,1,1,0,1,1,,1.3881732025316318e-07,121.621,24.798,3.101666924990072e-08,,9,,,,1.4272799478715961e-07,1.7603834826738622e-07,,,,168.17,21.43
490,00490_smooth,smooth,256,256,1e-05,3.530393290806185e-07,7.855883931248923e-08,3.536929010112319e-07,0,4,1,1,0,0,0,1,1,-2.0254555765184466e-07,1.3720039816125215e-07,178.849,28.584,1.6117515977104306e-08,,,,,,,,,1.055163420602967e-06,-1.4424112074116276e-07,,
491,00491_terraces,terraces,256,256,5e-05,7.429503628731392e-07,1.3093645524874998e-07,1.4699667815532824e-07,0,1,0,0,0,1,0,0,0,,,,,,,8,,5,,,5.830366728311048e-07,,,,,
492,00492_rough,rough,256,256,2e-05,1.2727788249946168e-06,1.7854010286370918e-07,2.122657681678528e-07,0,1,0,0,0,1,0,0,0,,,,,,,10,,,2.654,,6.877622871650803e-07,,,,,
493,00493_particles,particles,256,256,2e-05,1.443494603103721e-07,2.0660621846649794e-08,2.7718276724887023e-08,0,2,0,0,0,0,0,1,1,,1.1058155572393986e-08,26.283,28.536,1.6439936572902023e-08,55,,,,,,,,,,,
494,00494_particles,particles,256,256,1e-05,2.066628805775368e-07,3.2283667136046696e-08,1.815851678185982e-07,0,5,1,0,0,1,1,1,1,,4.8839747806089586e-08,115.357,13.959,1.222511330487557e-08,40,7,32,,,,1.7366241402049976e-07,6.614153892097633e-07,5.803351414384594e-07,-1.7159164274838423e-07,,
495,00495_lattice,lattice,256,256,5e-05,9.36430391579375e-07,2.341158632909975e-07,7.490332769279909e-07,1,4,1,1,1,0,0,0,1,3.498310363034206e-06,,,,1.7832269837004124e-08,,,,,,7.143528995223928e-08,,,1.2474520814864272e-07,-2.068382668576107e-06,71.49,10.32
496,00496_lattice,lattice,256,256,2e-05,2.5897642184441746e-07,6.476935674104514e-08,9.209918735876947e-08,1,3,0,0,0,1,0,1,1,,7.142125012197143e-08,43.702,19.565,3.647953195632459e-08,,4,,,,,2.389550797219155e-07,,,,19.02,23.03
497,00497_terraces,terraces,256,256,5e-05,1.228281628983134e-06,1.8118031778430732e-07,1.0156055658730227e-06,0,3,1,0,0,1,1,0,0,,,,,,,1,10,5,,,4.136726625694654e-07,7.265527533639813e-06,6.550438961473802e-07,-3.333922179473695e-06,,
498,00498_rough,rough,256,256,1e-05,7.288651247049475e-07,1.399938489214436e-07,6.904786552094739e-07,0,5,1,0,1,1,1,1,0,,2.5049310908018854e-08,87.313,27.176,,,9,30,,3.245,1.5369706152493297e-08,7.455046452492461e-07,1.4318643313426548e-06,1.4366176640992158e-06,-2.1180881604690203e-06,,
499,00499_smooth,smooth,256,256,1e-05,1.314347137725753e-06,2.7409436360904013e-07,2.7409436360904013e-07,0,0,0,0,0,0,0,0,0,,,,,,,,,,,,,,,,,
